node_id,up_node_id,dest_node_id,name,turn_type,turn_direction,prohibited_flag
1,13,105, ,Right,NBR,0
1,13,113, ,Through,NBT,0
1,13,114, ,Through,NBT,0
1,105,13, ,Left,WBL,0
1,105,113, ,Right,WBR,0
1,105,114, ,Right,WBR,0
1,113,13, ,Through,SBT,0
1,113,105, ,Left,SBL,0
1,113,114, ,Left,SBL,0
1,114,13, ,Through,N/A,0
1,114,105, ,Left,N/A,0
1,114,113, ,Right,N/A,0
2,3,112, ,Through,WBT,0
2,3,123, ,Right,WBR,0
2,112,3, ,Through,EBT,0
2,112,123, ,Left,EBL,0
2,123,3, ,Left,SBL,0
2,123,112, ,Right,SBR,0
3,2,5, ,Through,EBT,0
3,6,2, ,Through,WBT,0
3,6,5, ,Left,WBL,0
4,15,7, ,Through,NBT,0
4,5,15, ,Through,SBT,0
4,5,7, ,Left,SBL,0
5,6,4, ,Through,WBT,0
5,6,7, ,Left,WBL,1
5,3,4, ,Right,EBR,1
5,3,7, ,Through,EBT,0
6,8,5, ,Through,WBT,0
6,8,3, ,Through,WBT,0
7,4,8, ,Through,EBT,0
7,5,8, ,Through,EBT,0
8,7,6, ,Left,EBL,0
8,7,9, ,Through,EBT,0
8,9,6, ,Through,WBT,0
9,8,10, ,Through,EBT,0
9,8,66, ,Through,EBT,0
9,10,8, ,Through,WBT,0
9,10,66, ,Right,WBR,1
9,66,8, ,Right,SBR,0
9,66,10, ,Left,SBL,1
10,9,11, ,Through,EBT,0
10,11,9, ,Through,WBT,0
10,132,9, ,Right,SBR,0
10,132,11, ,Left,SBL,0
11,10,12, ,Through,EBT,0
11,10,133, ,Left,EBL,0
11,12,10, ,Through,WBT,0
11,12,133, ,Right,WBR,0
12,11,16, ,Through,EBT,0
12,11,66, ,Left,EBL,1
12,16,11, ,Through,WBT,0
12,16,66, ,Through,WBT,0
12,66,11, ,Right,N/A,1
12,66,16, ,Through,N/A,0
13,1,14, ,Left,SBL,0
13,14,1, ,Right,WBR,0
14,13,15, ,Through,N/A,0
14,15,13, ,Through,WBT,0
15,14,4, ,Left,EBL,0
15,4,14, ,Right,SBR,0
17,108,109, ,Through,EBT,0
17,108,118, ,Left,EBL,0
17,109,108, ,Through,WBT,0
17,109,118, ,Right,WBR,0
17,118,108, ,Right,SBR,0
17,118,109, ,Left,SBL,0
18,176,213, ,Through,NBT,0
18,176,197, ,Right,NBR,0
18,213,176, ,Through,SBT,0
18,213,197, ,Left,SBL,0
18,197,176, ,Left,WBL,0
18,197,213, ,Right,WBR,0
19,200,201, ,Through,EBT,0
19,200,181, ,Right,EBR,0
19,200,218, ,Left,EBL,0
19,200,180, ,Right,EBR,0
19,200,219, ,Through,EBT,0
19,201,200, ,Through,WBT,0
19,201,181, ,Left,WBL,0
19,201,218, ,Right,WBR,0
19,201,180, ,Left,WBL,0
19,201,219, ,Right,WBR,0
19,181,200, ,Left,NBL,0
19,181,201, ,Right,NBR,0
19,181,218, ,Through,NBT,0
19,181,180, ,Left,NBL,0
19,181,219, ,Through,NBT,0
19,218,200, ,Right,SBR,0
19,218,201, ,Left,SBL,0
19,218,181, ,Through,SBT,0
19,218,180, ,Through,SBT,0
19,218,219, ,Left,SBL,0
19,180,200, ,Left,N/A,0
19,180,201, ,Through,N/A,0
19,180,181, ,Right,N/A,0
19,180,218, ,Through,N/A,0
19,180,219, ,Through,N/A,0
19,219,200, ,Right,N/A,0
19,219,201, ,Left,N/A,0
19,219,181, ,Through,N/A,0
19,219,218, ,Right,N/A,0
19,219,180, ,Through,N/A,0
20,223,186, ,Through,SBT,0
20,223,204, ,Right,SBR,0
20,223,205, ,Left,SBL,0
20,186,223, ,Through,NBT,0
20,186,204, ,Left,NBL,0
20,186,205, ,Right,NBR,0
20,204,223, ,Left,EBL,0
20,204,186, ,Right,EBR,0
20,204,205, ,Through,EBT,0
20,205,223, ,Right,WBR,0
20,205,186, ,Left,WBL,0
20,205,204, ,Through,WBT,0
21,208,209, ,Through,EBT,0
21,208,191, ,Right,EBR,0
21,209,208, ,Through,WBT,0
21,209,191, ,Left,WBL,0
21,228,208, ,Right,SBR,0
21,228,209, ,Left,SBL,0
21,228,191, ,Through,SBT,0
22,23,211, ,Through,WBT,0
22,23,195, ,Left,WBL,0
22,211,23, ,Through,EBT,0
22,211,195, ,Right,EBR,0
22,232,23, ,Left,SBL,0
22,232,211, ,Right,SBR,0
22,232,195, ,Through,SBT,0
23,22,233, ,Left,EBL,0
23,196,22, ,Left,NBL,0
23,196,233, ,Through,NBT,0
25,301,302, ,Through,EBT,0
25,301,281, ,Right,EBR,0
25,301,317, ,Left,EBL,0
25,302,301, ,Through,WBT,0
25,302,281, ,Left,WBL,0
25,302,317, ,Right,WBR,0
25,281,301, ,Left,NBL,0
25,281,302, ,Right,NBR,0
25,281,317, ,Through,NBT,0
25,317,301, ,Right,SBR,0
25,317,302, ,Left,SBL,0
25,317,281, ,Through,SBT,0
26,81,305, ,Right,N/A,0
26,81,306, ,Through,N/A,0
26,81,322, ,Left,N/A,0
26,81,286, ,Through,N/A,0
26,305,81, ,Left,EBL,0
26,305,306, ,Through,EBT,0
26,305,322, ,Left,EBL,0
26,305,286, ,Right,EBR,0
26,306,81, ,Through,WBT,0
26,306,305, ,Through,WBT,0
26,306,322, ,Right,WBR,0
26,306,286, ,Left,WBL,0
26,322,81, ,Right,SBR,0
26,322,305, ,Right,SBR,0
26,322,306, ,Left,SBL,0
26,322,286, ,Through,SBT,0
26,286,81, ,Through,NBT,0
26,286,305, ,Left,NBL,0
26,286,306, ,Right,NBR,0
26,286,322, ,Through,NBT,0
27,309,310, ,Through,EBT,0
27,309,291, ,Right,EBR,0
27,310,309, ,Through,WBT,0
27,310,291, ,Left,WBL,0
27,327,309, ,Right,SBR,0
27,327,310, ,Left,SBL,0
27,327,291, ,Through,SBT,0
28,29,67, ,Left,WBL,0
28,29,312, ,Through,WBT,0
28,29,295, ,Left,WBL,0
28,68,29, ,Left,SBL,0
28,68,67, ,Through,SBT,0
28,68,312, ,Right,SBR,0
28,68,295, ,Through,SBT,0
28,312,29, ,Through,EBT,0
28,312,67, ,Right,EBR,0
28,312,295, ,Right,EBR,0
28,331,29, ,Left,SBL,0
28,331,67, ,Through,SBT,0
28,331,312, ,Right,SBR,0
28,331,295, ,Through,SBT,0
29,28,30, ,Through,EBT,0
29,28,68, ,Left,EBL,0
29,28,332, ,Left,EBL,0
29,30,28, ,Through,WBT,0
29,30,68, ,Right,WBR,0
29,30,332, ,Right,WBR,0
29,67,28, ,Left,NBL,0
29,67,30, ,Right,NBR,0
29,67,68, ,Through,NBT,0
29,67,332, ,Through,NBT,0
29,296,28, ,Left,NBL,0
29,296,30, ,Right,NBR,0
29,296,68, ,Through,NBT,0
29,296,332, ,Through,NBT,0
30,29,31, ,Through,EBT,0
30,29,79, ,Other,N/A,0
30,31,29, ,Through,WBT,0
30,31,79, ,Through,WBT,0
30,79,29, ,Other,N/A,0
30,79,31, ,Through,EBT,0
34,387,371, ,Left,WBL,0
34,387,370, ,Left,WBL,0
34,387,398, ,Right,WBR,0
34,387,467, ,Through,WBT,0
34,371,387, ,Right,NBR,0
34,371,370, ,Left,NBL,0
34,371,398, ,Through,NBT,0
34,371,467, ,Through,NBT,0
34,370,387, ,Through,NBT,0
34,370,371, ,Right,NBR,0
34,370,398, ,Through,NBT,0
34,370,467, ,Left,NBL,0
34,398,387, ,Left,N/A,0
34,398,371, ,Through,N/A,0
34,398,370, ,Through,N/A,0
34,398,467, ,Right,N/A,0
34,467,387, ,Through,N/A,0
34,467,371, ,Through,N/A,0
34,467,370, ,Right,N/A,0
34,467,398, ,Left,N/A,0
36,402,376, ,Through,SBT,0
36,402,390, ,Right,SBR,0
36,402,391, ,Left,SBL,0
36,376,402, ,Through,NBT,0
36,376,390, ,Left,NBL,0
36,376,391, ,Right,NBR,0
36,390,402, ,Left,EBL,0
36,390,376, ,Right,EBR,0
36,390,391, ,Through,EBT,0
36,391,402, ,Right,WBR,0
36,391,376, ,Left,WBL,0
36,391,390, ,Through,WBT,0
37,394,395, ,Through,EBT,0
37,394,380, ,Right,EBR,0
37,394,408, ,Through,EBT,0
37,394,381, ,Right,EBR,0
37,395,394, ,Through,WBT,0
37,395,380, ,Left,WBL,0
37,395,408, ,Right,WBR,0
37,395,381, ,Left,WBL,0
37,380,394, ,Left,N/A,0
37,380,395, ,Through,N/A,0
37,380,408, ,Through,N/A,0
37,380,381, ,Right,N/A,0
37,408,394, ,Right,SBR,0
37,408,395, ,Left,SBL,0
37,408,380, ,Through,SBT,0
37,408,381, ,Through,SBT,0
37,407,394, ,Right,SBR,0
37,407,395, ,Left,SBL,0
37,407,380, ,Through,SBT,0
37,407,408, ,Left,SBL,0
37,407,381, ,Through,SBT,0
38,39,397, ,Through,WBT,0
38,39,385, ,Left,WBL,0
38,397,39, ,Through,EBT,0
38,397,385, ,Right,EBR,0
38,411,39, ,Left,SBL,0
38,411,397, ,Right,SBR,0
38,411,385, ,Through,SBT,0
39,38,412, ,Left,EBL,0
39,386,38, ,Left,NBL,0
39,386,412, ,Through,NBT,0
40,465,472, ,Through,NBT,0
40,465,473, ,Through,NBT,0
40,472,465, ,Left,WBL,0
40,472,473, ,Right,WBR,0
40,473,465, ,Through,SBT,0
40,473,472, ,Left,SBL,0
41,452,441, ,Left,WBL,0
41,452,440, ,Left,WBL,0
41,452,472, ,Through,WBT,0
41,452,473, ,Right,WBR,0
41,452,474, ,Right,WBR,0
41,441,452, ,Right,NBR,0
41,441,440, ,Left,NBL,0
41,441,472, ,Left,NBL,0
41,441,473, ,Through,NBT,0
41,441,474, ,Through,NBT,0
41,440,452, ,Through,N/A,0
41,440,441, ,Right,N/A,0
41,440,472, ,Left,NBL,0
41,440,473, ,Through,NET,0
41,440,474, ,Through,NET,0
41,472,452, ,Through,EBT,0
41,472,441, ,Right,EBR,0
41,472,440, ,Right,EBR,0
41,472,473, ,Left,EBL,0
41,472,474, ,Through,EBT,0
41,473,452, ,Left,SBL,0
41,473,441, ,Through,SBT,0
41,473,440, ,Through,SBT,0
41,473,472, ,Right,SBR,0
41,473,474, ,Left,SBL,0
41,474,452, ,Left,SWL,0
41,474,441, ,Through,SWT,0
41,474,440, ,Through,SWT,0
41,474,472, ,Right,SWR,0
41,474,473, ,Right,SWR,0
42,456,455, ,Through,WBT,0
42,456,446, ,Left,WBL,0
42,455,456, ,Through,EBT,0
42,455,446, ,Right,EBR,0
42,476,456, ,Left,SBL,0
42,476,455, ,Right,SBR,0
42,476,446, ,Through,SBT,0
43,44,69, ,Left,WBL,0
43,44,458, ,Through,WBT,0
43,44,450, ,Left,WBL,0
43,70,44, ,Left,SBL,0
43,70,69, ,Through,SBT,0
43,70,458, ,Right,SBR,0
43,70,450, ,Through,SBT,0
43,458,44, ,Through,EBT,0
43,458,69, ,Right,EBR,0
43,458,450, ,Right,EBR,0
43,478,44, ,Left,SBL,0
43,478,69, ,Through,SBT,0
43,478,458, ,Right,SBR,0
43,478,450, ,Through,SBT,0
44,43,45, ,Through,EBT,0
44,43,70, ,Left,EBL,0
44,43,450, ,Right,EBR,0
44,43,479, ,Left,EBL,0
44,45,43, ,Through,WBT,0
44,45,70, ,Right,WBR,0
44,45,450, ,Left,WBL,0
44,45,479, ,Right,WBR,0
44,69,43, ,Left,NBL,0
44,69,45, ,Right,NBR,0
44,69,70, ,Through,NBT,0
44,69,450, ,Left,NBL,0
44,69,479, ,Through,NBT,0
44,450,43, ,Left,NBL,0
44,450,45, ,Through,NBT,0
44,450,70, ,Left,NBL,0
44,450,479, ,Through,NBT,0
44,451,43, ,Left,NBL,0
44,451,45, ,Right,NBR,0
44,451,70, ,Through,NBT,0
44,451,450, ,Left,NBL,0
44,451,479, ,Through,NBT,0
54,55,71, ,Left,WBL,0
54,55,494, ,Left,WBL,0
54,72,55, ,Left,SBL,0
54,72,71, ,Through,SBT,0
54,72,494, ,Through,SBT,0
55,54,56, ,Through,EBT,0
55,54,72, ,Left,EBL,0
55,56,54, ,Through,WBT,0
55,56,72, ,Right,WBR,0
55,71,54, ,Left,NBL,0
55,71,56, ,Right,NBR,0
55,71,72, ,Through,NBT,0
55,495,54, ,Left,NBL,0
55,495,56, ,Right,NBR,0
55,495,72, ,Through,NBT,0
58,60,59, ,Left,SBL,0
58,60,503, ,Through,SBT,0
58,59,60, ,Right,WBR,0
58,59,503, ,Left,WBL,0
58,503,60, ,Through,NET,0
58,503,59, ,Right,NER,0
60,58,63, ,Through,NBT,0
60,58,62, ,Through,NBT,0
60,63,58, ,Through,N/A,0
60,63,62, ,Right,N/A,0
60,62,58, ,Through,SBT,0
60,62,63, ,Left,SBL,0
61,65,63, ,Left,WBL,1
61,65,83, ,Through,WBT,0
61,64,65, ,Left,N/A,1
61,64,63, ,Left,N/A,1
61,64,83, ,Right,SBR,0
61,83,65, ,Through,EBT,0
61,83,63, ,Through,EBT,0
62,64,60, ,Left,WBL,0
62,64,78, ,Through,WBT,0
62,60,64, ,Right,NBR,0
62,60,78, ,Through,NBT,0
62,78,64, ,Through,SBT,0
62,78,60, ,Through,SBT,0
63,60,65, ,Through,NBT,0
63,61,60, ,Right,EBR,0
63,61,65, ,Left,EBL,1
64,62,61, ,Right,EBR,0
64,65,62, ,Through,WBT,0
64,65,61, ,Left,WBL,1
65,61,64, ,Left,EBL,1
65,61,73, ,Through,EBT,0
65,63,61, ,Left,NBL,1
65,63,64, ,Left,NBL,1
65,63,73, ,Through,NBT,0
65,73,61, ,Through,WBT,0
65,73,64, ,Through,WBT,0
66,12,9, ,Left,WBL,1
66,12,67, ,Through,WBT,0
66,9,12, ,Right,N/A,1
66,9,67, ,Through,N/A,0
66,67,12, ,Through,SBT,0
66,67,9, ,Through,SBT,0
67,66,68, ,Through,NBT,0
67,66,29, ,Through,NBT,0
67,66,79, ,Through,NBT,0
67,68,66, ,Through,SBT,0
67,68,29, ,Left,SBL,1
67,68,79, ,Right,SBR,1
67,28,66, ,Through,SBT,0
67,28,68, ,Left,SBL,1
67,28,29, ,Left,SBL,1
67,28,79, ,Right,SBR,1
67,79,66, ,Through,EBT,0
67,79,68, ,Left,EBL,1
67,79,29, ,Left,EBL,1
68,67,69, ,Through,NBT,0
68,67,28, ,Left,NBL,1
68,67,79, ,Left,NBL,1
68,69,67, ,Through,SBT,0
68,69,28, ,Through,SBT,0
68,69,79, ,Through,SBT,0
68,29,67, ,Left,NBL,1
68,29,69, ,Through,NBT,0
68,29,28, ,Left,NBL,1
68,29,79, ,Left,NBL,1
68,79,67, ,Right,N/A,1
68,79,69, ,Through,N/A,0
68,79,28, ,Right,N/A,1
69,68,70, ,Through,NBT,0
69,68,44, ,Through,NBT,0
69,70,68, ,Through,SBT,0
69,70,44, ,Left,SBL,1
69,43,68, ,Through,SBT,0
69,43,70, ,Left,SBL,1
69,43,44, ,Left,SBL,1
70,69,71, ,Through,NBT,0
70,69,43, ,Left,NBL,1
70,71,69, ,Through,SBT,0
70,71,43, ,Through,SBT,0
70,44,69, ,Left,NBL,1
70,44,71, ,Through,NBT,0
70,44,43, ,Left,NBL,1
71,70,72, ,Through,NBT,0
71,70,55, ,Through,NBT,0
71,72,70, ,Through,SBT,0
71,72,55, ,Left,SBL,1
71,54,70, ,Through,SBT,0
71,54,72, ,Left,SBL,1
71,54,55, ,Left,SBL,1
72,71,54, ,Left,NBL,1
72,71,75, ,Through,NBT,0
72,55,71, ,Left,NBL,1
72,55,54, ,Left,NBL,1
72,55,75, ,Through,NBT,0
72,75,71, ,Through,SBT,0
72,75,54, ,Through,SBT,0
73,65,74, ,Through,EBT,0
73,65,76, ,Through,EBT,0
73,65,75, ,Through,EBT,0
73,74,65, ,Through,WBT,0
73,74,76, ,Right,WBR,1
73,74,75, ,Left,WBL,1
73,76,65, ,Right,SBR,0
73,76,74, ,Left,SBL,1
73,76,75, ,Left,SBL,1
73,75,65, ,Through,N/A,0
73,75,74, ,Right,N/A,1
73,75,76, ,Right,N/A,1
74,73,57, ,Through,EBT,0
74,73,75, ,Right,EBR,1
74,73,76, ,Left,EBL,1
74,57,73, ,Through,WBT,0
74,57,75, ,Left,WBL,0
74,57,76, ,Through,WBT,0
74,75,73, ,Left,NBL,1
74,75,57, ,Through,NBT,0
74,75,76, ,Left,NBL,1
74,76,73, ,Right,N/A,1
74,76,57, ,Through,N/A,0
74,76,75, ,Right,N/A,1
75,72,76, ,Through,NBT,0
75,72,74, ,Through,NBT,0
75,72,73, ,Left,NBL,0
75,76,72, ,Through,SBT,0
75,76,74, ,Left,SBL,1
75,76,73, ,Right,SBR,1
75,74,72, ,Through,N/A,0
75,74,76, ,Right,N/A,1
75,74,73, ,Right,N/A,1
75,73,72, ,Right,EBR,0
75,73,76, ,Left,EBL,1
75,73,74, ,Left,EBL,1
76,75,77, ,Through,NBT,0
76,75,74, ,Right,NBR,1
76,75,73, ,Left,NBL,1
76,77,75, ,Through,SBT,0
76,77,74, ,Through,SBT,0
76,77,73, ,Through,SBT,0
76,74,75, ,Left,WBL,1
76,74,77, ,Through,WBT,0
76,74,73, ,Left,WBL,1
76,73,75, ,Right,N/A,1
76,73,77, ,Through,N/A,0
76,73,74, ,Right,N/A,1
79,68,67, ,Left,SBL,1
79,68,80, ,Right,SBR,0
79,68,30, ,Left,SBL,1
79,67,68, ,Right,N/A,1
79,67,80, ,Through,N/A,0
79,67,30, ,Right,N/A,1
79,80,68, ,Through,EBT,0
79,80,67, ,Through,EBT,0
79,80,30, ,Through,EBT,0
79,30,68, ,Right,WBR,1
79,30,67, ,Left,WBL,1
79,30,80, ,Through,WBT,0
80,79,81, ,Through,WBT,0
80,81,79, ,Through,EBT,0
81,80,26, ,Left,WBL,1
81,80,82, ,Through,WBT,0
81,26,80, ,Right,WBR,1
81,26,82, ,Through,WBT,0
81,82,80, ,Through,N/A,0
81,82,26, ,Through,N/A,0
82,81,89, ,Through,N/A,0
82,81,91, ,Through,N/A,0
82,81,90, ,Left,N/A,0
82,89,81, ,Through,EBT,0
82,89,91, ,Left,EBL,1
82,89,90, ,Right,EBR,1
82,91,81, ,Through,SBT,0
82,91,89, ,Right,SBR,1
82,91,90, ,Right,SBR,1
82,90,81, ,Right,EBR,0
82,90,89, ,Left,EBL,1
82,90,91, ,Left,EBL,1
83,61,84, ,Through,WBT,0
83,84,61, ,Through,NBT,0
84,83,85, ,Through,SBT,0
84,83,86, ,Through,SBT,0
84,85,83, ,Through,EBT,0
84,85,86, ,Left,EBL,1
84,86,83, ,Through,EBT,0
84,86,85, ,Right,EBR,1
85,84,86, ,Right,WBR,1
85,84,87, ,Through,WBT,0
85,86,84, ,Left,SBL,1
85,86,87, ,Right,SBR,0
85,87,84, ,Through,EBT,0
85,87,86, ,Left,EBL,0
86,102,85, ,Right,N/A,0
86,102,84, ,Through,N/A,0
86,85,102, ,Left,NBL,1
86,85,84, ,Right,NBR,1
86,84,102, ,Through,WBT,0
86,84,85, ,Left,WBL,1
87,85,93, ,Through,WBT,0
87,85,98, ,Right,WBR,0
87,85,88, ,Left,WBL,0
87,93,85, ,Through,EBT,0
87,93,98, ,Left,EBL,0
87,93,88, ,Right,EBR,0
87,98,85, ,Left,EBL,0
87,98,93, ,Right,EBR,0
87,98,88, ,Through,EBT,0
87,88,85, ,Right,WBR,0
87,88,93, ,Left,WBL,0
87,88,98, ,Through,WBT,0
89,82,92, ,Through,WBT,0
89,82,91, ,Right,WBR,1
89,82,90, ,Left,WBL,1
89,92,82, ,Through,EBT,0
89,92,91, ,Through,EBT,0
89,92,90, ,Through,EBT,0
89,91,82, ,Left,WBL,1
89,91,92, ,Through,WBT,0
89,91,90, ,Left,WBL,1
89,90,82, ,Right,NBR,1
89,90,92, ,Through,NBT,0
89,90,91, ,Right,NBR,1
90,91,93, ,Through,N/A,0
90,91,89, ,Right,N/A,1
90,91,82, ,Left,N/A,1
90,93,91, ,Through,NBT,0
90,93,89, ,Through,NBT,1
90,93,82, ,Right,NBR,0
90,89,91, ,Left,N/A,1
90,89,93, ,Through,N/A,0
90,89,82, ,Left,N/A,1
90,82,91, ,Right,WBR,1
90,82,93, ,Left,WBL,0
90,82,89, ,Right,WBR,1
91,96,90, ,Through,SBT,0
91,96,82, ,Left,SBL,0
91,96,89, ,Through,SBT,0
91,90,96, ,Through,NBT,0
91,90,82, ,Right,NBR,1
91,90,89, ,Left,NBL,1
91,82,96, ,Right,NBR,0
91,82,90, ,Left,NBL,1
91,82,89, ,Left,NBL,1
91,89,96, ,Through,EBT,0
91,89,90, ,Right,EBR,1
91,89,82, ,Right,EBR,1
93,90,87, ,Left,SBL,0
93,90,95, ,Right,SBR,0
93,90,94, ,Through,SBT,0
93,87,90, ,Right,N/A,0
93,87,95, ,Through,N/A,0
93,87,94, ,Left,N/A,0
93,95,90, ,Left,EBL,0
93,95,87, ,Through,EBT,0
93,95,94, ,Right,EBR,0
93,94,90, ,Through,NBT,0
93,94,87, ,Right,NBR,0
93,94,95, ,Left,NBL,0
96,99,91, ,Through,SBT,0
96,99,98, ,Left,SBL,1
96,91,99, ,Through,N/A,0
96,91,98, ,Through,N/A,0
96,97,99, ,Left,SBL,1
96,97,91, ,Through,SBT,0
96,97,98, ,Left,SBL,1
97,99,96, ,Through,SBT,0
97,99,100, ,Right,SBR,0
97,99,98, ,Left,SBL,0
97,100,96, ,Right,EBR,0
97,100,98, ,Through,EBT,0
97,98,96, ,Left,N/A,0
97,98,100, ,Through,N/A,0
98,96,99, ,Left,EBL,0
98,96,97, ,Left,EBL,0
98,96,87, ,Right,EBR,0
98,97,99, ,Left,EBL,0
98,97,87, ,Through,EBT,0
98,87,99, ,Right,WBR,0
98,87,97, ,Through,WBT,0
99,101,96, ,Through,SBT,0
99,101,97, ,Through,SBT,0
99,96,101, ,Through,N/A,0
99,96,97, ,Left,N/A,1
99,98,101, ,Through,NBT,0
99,98,96, ,Left,NBL,1
99,98,97, ,Left,NBL,1
101,103,99, ,Through,SBT,0
101,103,102, ,Left,SBL,1
101,99,103, ,Through,NBT,0
101,99,102, ,Through,NBT,0
101,102,103, ,Right,N/A,1
101,102,99, ,Through,N/A,0
102,86,101, ,Left,WBL,1
102,86,103, ,Through,WBT,0
102,101,86, ,Right,NBR,0
102,101,103, ,Left,NBL,1
102,103,86, ,Through,EBT,0
102,103,101, ,Right,EBR,1
103,104,101, ,Through,SBT,0
103,104,102, ,Through,SBT,0
103,101,104, ,Through,NBT,0
103,101,102, ,Right,NBR,1
103,102,104, ,Through,WBT,0
103,102,101, ,Left,WBL,1
105,1,106, ,Through,EBT,0
105,106,1, ,Through,WBT,0
105,114,1, ,Right,SBR,0
105,114,106, ,Left,SBL,0
106,105,107, ,Through,EBT,0
106,105,115, ,Left,EBL,0
106,107,105, ,Through,WBT,0
106,107,115, ,Right,WBR,0
107,106,108, ,Through,EBT,0
107,108,106, ,Through,WBT,0
107,116,106, ,Right,SBR,0
107,116,108, ,Left,SBL,0
108,107,17, ,Through,EBT,0
108,107,117, ,Left,EBL,0
108,17,107, ,Through,WBT,0
108,17,117, ,Right,WBR,0
109,17,110, ,Through,EBT,0
109,110,17, ,Through,WBT,0
109,119,17, ,Right,SBR,0
109,119,110, ,Left,SBL,0
110,109,111, ,Through,EBT,0
110,109,120, ,Left,EBL,0
110,111,109, ,Through,WBT,0
110,111,120, ,Right,WBR,0
111,110,112, ,Through,EBT,0
111,112,110, ,Through,WBT,0
111,121,110, ,Right,SBR,0
111,121,112, ,Left,SBL,0
112,111,2, ,Through,EBT,0
112,111,122, ,Left,EBL,0
112,2,111, ,Through,WBT,0
112,2,122, ,Right,WBR,0
113,1,134, ,Through,NBT,0
113,1,114, ,Right,NBR,0
113,134,1, ,Through,SBT,0
113,134,114, ,Left,SBL,0
114,1,136, ,Through,N/A,0
114,1,115, ,Through,N/A,0
114,1,105, ,Right,N/A,0
114,136,1, ,Through,SBT,0
114,136,115, ,Left,SBL,0
114,136,105, ,Through,SBT,0
114,113,1, ,Right,EBR,0
114,113,136, ,Through,EBT,0
114,113,115, ,Through,EBT,0
114,113,105, ,Right,EBR,0
114,135,1, ,Through,SBT,0
114,135,136, ,Left,SBL,0
114,135,115, ,Left,SBL,0
114,135,105, ,Through,SBT,0
115,114,116, ,Through,EBT,0
115,114,136, ,Left,EBL,0
115,106,116, ,Right,NBR,0
115,106,136, ,Through,NBT,0
116,115,117, ,Through,EBT,0
116,115,107, ,Right,EBR,0
116,137,117, ,Left,SBL,0
116,137,107, ,Through,SBT,0
117,116,118, ,Through,EBT,0
117,116,138, ,Left,EBL,0
117,108,118, ,Right,NBR,0
117,108,138, ,Through,NBT,0
118,17,139, ,Through,NBT,0
118,17,119, ,Right,NBR,0
118,139,17, ,Through,SBT,0
118,139,119, ,Left,SBL,0
118,117,17, ,Right,EBR,0
118,117,139, ,Left,EBL,0
118,117,119, ,Through,EBT,0
119,118,120, ,Through,EBT,0
119,118,109, ,Right,EBR,0
119,140,120, ,Left,SBL,0
119,140,109, ,Through,SBT,0
120,119,121, ,Through,EBT,0
120,119,141, ,Left,EBL,0
120,110,121, ,Right,NBR,0
120,110,141, ,Through,NBT,0
121,120,122, ,Through,EBT,0
121,120,111, ,Right,EBR,0
121,142,122, ,Left,SBL,0
121,142,111, ,Through,SBT,0
122,121,123, ,Through,EBT,0
122,121,143, ,Left,EBL,0
122,112,123, ,Right,NBR,0
122,112,143, ,Through,NBT,0
123,144,2, ,Through,SBT,0
123,144,124, ,Left,SBL,0
123,2,144, ,Through,NBT,0
123,2,124, ,Right,NBR,0
123,122,144, ,Left,EBL,0
123,122,2, ,Right,EBR,0
123,122,124, ,Through,EBT,0
124,123,125, ,Through,EBT,0
124,145,125, ,Left,SBL,0
125,124,126, ,Through,EBT,0
125,124,146, ,Left,EBL,0
126,125,127, ,Through,EBT,0
126,147,127, ,Left,SBL,0
127,126,128, ,Through,EBT,0
127,126,148, ,Left,EBL,0
128,127,129, ,Through,EBT,0
128,149,129, ,Left,SBL,0
129,128,130, ,Through,EBT,0
129,128,150, ,Left,EBL,0
130,129,131, ,Through,EBT,0
130,151,131, ,Left,SBL,0
131,130,132, ,Through,EBT,0
131,130,152, ,Left,EBL,0
132,131,133, ,Through,EBT,0
132,131,10, ,Right,EBR,0
132,153,133, ,Left,SBL,0
132,153,10, ,Through,SBT,0
133,132,154, ,Left,EBL,0
133,11,154, ,Through,NBT,0
134,113,155, ,Through,NBT,0
134,155,113, ,Through,SBT,0
134,135,113, ,Left,WBL,0
134,135,155, ,Right,WBR,0
135,136,134, ,Through,WBT,0
135,136,114, ,Left,WBL,0
135,156,134, ,Right,SBR,0
135,156,114, ,Through,SBT,0
136,114,158, ,Through,NBT,0
136,114,135, ,Left,NBL,0
136,114,157, ,Through,NBT,0
136,158,114, ,Through,N/A,0
136,158,135, ,Right,N/A,0
136,158,157, ,Right,N/A,0
136,137,114, ,Left,WBL,0
136,137,158, ,Right,WBR,0
136,137,135, ,Through,WBT,0
136,137,157, ,Right,WBR,0
136,115,114, ,Left,NBL,0
136,115,158, ,Through,NBT,0
136,115,135, ,Left,NBL,0
136,115,157, ,Through,NBT,0
137,138,136, ,Through,WBT,0
137,138,116, ,Left,WBL,0
137,158,136, ,Right,SBR,0
137,158,116, ,Through,SBT,0
138,139,137, ,Through,WBT,0
138,139,159, ,Right,WBR,0
138,117,137, ,Left,NBL,0
138,117,159, ,Through,NBT,0
139,118,160, ,Through,NBT,0
139,118,138, ,Left,NBL,0
139,160,118, ,Through,SBT,0
139,160,138, ,Right,SBR,0
139,140,118, ,Left,WBL,0
139,140,160, ,Right,WBR,0
139,140,138, ,Through,WBT,0
140,141,139, ,Through,WBT,0
140,141,119, ,Left,WBL,0
140,161,139, ,Right,SBR,0
140,161,119, ,Through,SBT,0
141,142,140, ,Through,WBT,0
141,142,162, ,Right,WBR,0
141,120,140, ,Left,NBL,0
141,120,162, ,Through,NBT,0
142,143,141, ,Through,WBT,0
142,143,121, ,Left,WBL,0
142,163,141, ,Right,SBR,0
142,163,121, ,Through,SBT,0
143,144,142, ,Through,WBT,0
143,144,164, ,Right,WBR,0
143,122,142, ,Left,NBL,0
143,122,164, ,Through,NBT,0
144,165,123, ,Through,SBT,0
144,165,143, ,Right,SBR,0
144,123,165, ,Through,NBT,0
144,123,143, ,Left,NBL,0
144,145,165, ,Right,WBR,0
144,145,123, ,Left,WBL,0
144,145,143, ,Through,WBT,0
145,146,144, ,Through,WBT,0
145,146,124, ,Left,WBL,0
145,166,144, ,Right,SBR,0
145,166,124, ,Through,SBT,0
146,147,145, ,Through,WBT,0
146,147,167, ,Right,WBR,0
146,125,145, ,Left,NBL,0
146,125,167, ,Through,NBT,0
147,148,146, ,Through,WBT,0
147,148,126, ,Left,WBL,0
147,168,146, ,Right,SBR,0
147,168,126, ,Through,SBT,0
148,149,147, ,Through,WBT,0
148,149,169, ,Right,WBR,0
148,127,147, ,Left,NBL,0
148,127,169, ,Through,NBT,0
149,150,148, ,Through,WBT,0
149,150,128, ,Left,WBL,0
149,170,148, ,Right,SBR,0
149,170,128, ,Through,SBT,0
150,151,149, ,Through,WBT,0
150,151,171, ,Right,WBR,0
150,129,149, ,Left,NBL,0
150,129,171, ,Through,NBT,0
151,152,150, ,Through,WBT,0
151,152,130, ,Left,WBL,0
151,172,150, ,Right,SBR,0
151,172,130, ,Through,SBT,0
152,153,151, ,Through,WBT,0
152,153,173, ,Right,WBR,0
152,131,151, ,Left,NBL,0
152,131,173, ,Through,NBT,0
153,154,152, ,Through,WBT,0
153,154,132, ,Left,WBL,0
153,174,152, ,Right,SBR,0
153,174,132, ,Through,SBT,0
154,133,153, ,Left,NBL,0
154,133,175, ,Through,NBT,0
155,134,176, ,Through,NBT,0
155,134,156, ,Right,NBR,0
155,176,134, ,Through,SBT,0
155,176,156, ,Left,SBL,0
156,155,157, ,Through,EBT,0
156,155,135, ,Right,EBR,0
156,177,157, ,Left,SBL,0
156,177,135, ,Through,SBT,0
157,156,158, ,Through,EBT,0
157,156,178, ,Left,EBL,0
157,136,158, ,Right,NBR,0
157,136,178, ,Through,NBT,0
158,136,180, ,Through,N/A,0
158,136,159, ,Through,N/A,0
158,136,137, ,Right,N/A,0
158,180,136, ,Through,SBT,0
158,180,159, ,Left,SBL,0
158,180,137, ,Through,SBT,0
158,157,136, ,Right,EBR,0
158,157,180, ,Through,EBT,0
158,157,159, ,Through,EBT,0
158,157,137, ,Right,EBR,0
158,179,136, ,Through,SBT,0
158,179,180, ,Left,SBL,0
158,179,159, ,Left,SBL,0
158,179,137, ,Through,SBT,0
159,158,160, ,Through,EBT,0
159,158,180, ,Left,EBL,0
159,138,160, ,Right,NBR,0
159,138,180, ,Through,NBT,0
160,139,181, ,Through,NBT,0
160,139,161, ,Right,NBR,0
160,181,139, ,Through,SBT,0
160,181,161, ,Left,SBL,0
160,159,139, ,Right,EBR,0
160,159,181, ,Left,EBL,0
160,159,161, ,Through,EBT,0
161,160,162, ,Through,EBT,0
161,160,140, ,Right,EBR,0
161,182,162, ,Left,SBL,0
161,182,140, ,Through,SBT,0
162,161,163, ,Through,EBT,0
162,161,183, ,Left,EBL,0
162,141,163, ,Right,NBR,0
162,141,183, ,Through,NBT,0
163,162,164, ,Through,EBT,0
163,162,142, ,Right,EBR,0
163,184,164, ,Left,SBL,0
163,184,142, ,Through,SBT,0
164,163,165, ,Through,EBT,0
164,163,185, ,Left,EBL,0
164,143,165, ,Right,NBR,0
164,143,185, ,Through,NBT,0
165,186,144, ,Through,SBT,0
165,186,166, ,Left,SBL,0
165,144,186, ,Through,NBT,0
165,144,166, ,Right,NBR,0
165,164,186, ,Left,EBL,0
165,164,144, ,Right,EBR,0
165,164,166, ,Through,EBT,0
166,165,167, ,Through,EBT,0
166,165,145, ,Right,EBR,0
166,187,167, ,Left,SBL,0
166,187,145, ,Through,SBT,0
167,166,168, ,Through,EBT,0
167,166,188, ,Left,EBL,0
167,146,168, ,Right,NBR,0
167,146,188, ,Through,NBT,0
168,167,169, ,Through,EBT,0
168,167,147, ,Right,EBR,0
168,189,169, ,Left,SBL,0
168,189,147, ,Through,SBT,0
169,168,170, ,Through,EBT,0
169,168,190, ,Left,EBL,0
169,148,170, ,Right,NBR,0
169,148,190, ,Through,NBT,0
170,169,171, ,Through,EBT,0
170,169,149, ,Right,EBR,0
170,191,171, ,Left,SBL,0
170,191,149, ,Through,SBT,0
171,170,172, ,Through,EBT,0
171,170,192, ,Left,EBL,0
171,150,172, ,Right,NBR,0
171,150,192, ,Through,NBT,0
172,171,173, ,Through,EBT,0
172,171,151, ,Right,EBR,0
172,193,173, ,Left,SBL,0
172,193,151, ,Through,SBT,0
173,172,174, ,Through,EBT,0
173,172,194, ,Left,EBL,0
173,152,174, ,Right,NBR,0
173,152,194, ,Through,NBT,0
174,173,175, ,Through,EBT,0
174,173,153, ,Right,EBR,0
174,195,175, ,Left,SBL,0
174,195,153, ,Through,SBT,0
175,174,196, ,Left,EBL,0
175,154,196, ,Through,NBT,0
176,155,18, ,Through,NBT,0
176,18,155, ,Through,SBT,0
176,177,155, ,Left,WBL,0
176,177,18, ,Right,WBR,0
177,178,176, ,Through,WBT,0
177,178,156, ,Left,WBL,0
177,197,176, ,Right,SBR,0
177,197,156, ,Through,SBT,0
178,179,177, ,Through,WBT,0
178,179,198, ,Right,WBR,0
178,157,177, ,Left,NBL,0
178,157,198, ,Through,NBT,0
179,180,178, ,Through,WBT,0
179,180,158, ,Left,WBL,0
179,199,178, ,Right,SBR,0
179,199,158, ,Through,SBT,0
180,158,19, ,Through,NBT,0
180,158,179, ,Left,NBL,0
180,158,200, ,Through,NBT,0
180,19,158, ,Through,N/A,0
180,19,179, ,Right,N/A,0
180,19,200, ,Right,N/A,0
180,181,158, ,Left,WBL,0
180,181,19, ,Right,WBR,0
180,181,179, ,Through,WBT,0
180,181,200, ,Right,WBR,0
180,159,158, ,Left,NBL,0
180,159,19, ,Through,NBT,0
180,159,179, ,Left,NBL,0
180,159,200, ,Through,NBT,0
181,160,19, ,Through,NBT,0
181,160,180, ,Left,NBL,0
181,19,160, ,Through,SBT,0
181,19,180, ,Right,SBR,0
181,182,160, ,Left,WBL,0
181,182,19, ,Right,WBR,0
181,182,180, ,Through,WBT,0
182,183,181, ,Through,WBT,0
182,183,161, ,Left,WBL,0
182,201,181, ,Right,SBR,0
182,201,161, ,Through,SBT,0
183,184,182, ,Through,WBT,0
183,184,202, ,Right,WBR,0
183,162,182, ,Left,NBL,0
183,162,202, ,Through,NBT,0
184,185,183, ,Through,WBT,0
184,185,163, ,Left,WBL,0
184,203,183, ,Right,SBR,0
184,203,163, ,Through,SBT,0
185,186,184, ,Through,WBT,0
185,186,204, ,Right,WBR,0
185,164,184, ,Left,NBL,0
185,164,204, ,Through,NBT,0
186,20,165, ,Through,SBT,0
186,20,185, ,Right,SBR,0
186,165,20, ,Through,NBT,0
186,165,185, ,Left,NBL,0
186,187,20, ,Right,WBR,0
186,187,165, ,Left,WBL,0
186,187,185, ,Through,WBT,0
187,188,186, ,Through,WBT,0
187,188,166, ,Left,WBL,0
187,205,186, ,Right,SBR,0
187,205,166, ,Through,SBT,0
188,189,187, ,Through,WBT,0
188,189,206, ,Right,WBR,0
188,167,187, ,Left,NBL,0
188,167,206, ,Through,NBT,0
189,190,188, ,Through,WBT,0
189,190,168, ,Left,WBL,0
189,207,188, ,Right,SBR,0
189,207,168, ,Through,SBT,0
190,191,189, ,Through,WBT,0
190,191,208, ,Right,WBR,0
190,169,189, ,Left,NBL,0
190,169,208, ,Through,NBT,0
191,192,190, ,Through,WBT,0
191,192,170, ,Left,WBL,0
191,21,190, ,Right,SBR,0
191,21,170, ,Through,SBT,0
192,193,191, ,Through,WBT,0
192,193,209, ,Right,WBR,0
192,171,191, ,Left,NBL,0
192,171,209, ,Through,NBT,0
193,194,192, ,Through,WBT,0
193,194,172, ,Left,WBL,0
193,459,192, ,Right,N/A,0
193,459,172, ,Right,N/A,0
194,195,193, ,Through,WBT,0
194,195,211, ,Right,WBR,0
194,173,193, ,Left,NBL,0
194,173,211, ,Through,NBT,0
195,196,194, ,Through,WBT,0
195,196,174, ,Left,WBL,0
195,22,194, ,Right,SBR,0
195,22,174, ,Through,SBT,0
196,175,195, ,Left,NBL,0
196,175,23, ,Through,NBT,0
197,18,198, ,Through,EBT,0
197,18,177, ,Right,EBR,0
197,198,18, ,Through,WBT,0
197,198,177, ,Left,WBL,0
197,214,18, ,Right,SBR,0
197,214,198, ,Left,SBL,0
197,214,177, ,Through,SBT,0
198,197,199, ,Through,EBT,0
198,197,215, ,Left,EBL,0
198,199,197, ,Through,WBT,0
198,199,215, ,Right,WBR,0
198,178,197, ,Left,NBL,0
198,178,199, ,Right,NBR,0
198,178,215, ,Through,NBT,0
199,198,200, ,Through,EBT,0
199,198,179, ,Right,EBR,0
199,200,198, ,Through,WBT,0
199,200,179, ,Left,WBL,0
199,216,198, ,Right,SBR,0
199,216,200, ,Left,SBL,0
199,216,179, ,Through,SBT,0
200,199,19, ,Through,EBT,0
200,199,217, ,Left,EBL,0
200,19,199, ,Through,WBT,0
200,19,217, ,Right,WBR,0
200,180,199, ,Left,NBL,0
200,180,19, ,Right,NBR,0
200,180,217, ,Through,NBT,0
201,19,202, ,Through,EBT,0
201,19,182, ,Right,EBR,0
201,202,19, ,Through,WBT,0
201,202,182, ,Left,WBL,0
201,219,19, ,Right,SBR,0
201,219,202, ,Left,SBL,0
201,219,182, ,Through,SBT,0
202,201,203, ,Through,EBT,0
202,201,220, ,Left,EBL,0
202,203,201, ,Through,WBT,0
202,203,220, ,Right,WBR,0
202,183,201, ,Left,NBL,0
202,183,203, ,Right,NBR,0
202,183,220, ,Through,NBT,0
203,202,204, ,Through,EBT,0
203,202,184, ,Right,EBR,0
203,204,202, ,Through,WBT,0
203,204,184, ,Left,WBL,0
203,221,202, ,Right,SBR,0
203,221,204, ,Left,SBL,0
203,221,184, ,Through,SBT,0
204,203,20, ,Through,EBT,0
204,203,222, ,Left,EBL,0
204,20,203, ,Through,WBT,0
204,20,222, ,Right,WBR,0
204,185,203, ,Left,NBL,0
204,185,20, ,Right,NBR,0
204,185,222, ,Through,NBT,0
205,20,206, ,Through,EBT,0
205,20,187, ,Right,EBR,0
205,206,20, ,Through,WBT,0
205,206,187, ,Left,WBL,0
205,224,20, ,Right,SBR,0
205,224,206, ,Left,SBL,0
205,224,187, ,Through,SBT,0
206,205,207, ,Through,EBT,0
206,205,225, ,Left,EBL,0
206,207,205, ,Through,WBT,0
206,207,225, ,Right,WBR,0
206,188,205, ,Left,NBL,0
206,188,207, ,Right,NBR,0
206,188,225, ,Through,NBT,0
207,206,208, ,Through,EBT,0
207,206,189, ,Right,EBR,0
207,208,206, ,Through,WBT,0
207,208,189, ,Left,WBL,0
207,226,206, ,Right,SBR,0
207,226,208, ,Left,SBL,0
207,226,189, ,Through,SBT,0
208,207,21, ,Through,EBT,0
208,207,227, ,Left,EBL,0
208,21,207, ,Through,WBT,0
208,21,227, ,Right,WBR,0
208,190,207, ,Left,NBL,0
208,190,21, ,Right,NBR,0
208,190,227, ,Through,NBT,0
209,21,210, ,Through,EBT,0
209,21,229, ,Left,EBL,0
209,210,21, ,Through,WBT,0
209,210,229, ,Right,WBR,0
209,192,21, ,Left,NBL,0
209,192,210, ,Right,NBR,0
209,192,229, ,Through,NBT,0
210,209,211, ,Through,EBT,0
210,209,459, ,Left,EBL,0
210,211,209, ,Through,WBT,0
210,211,459, ,Through,WBT,0
210,459,209, ,Right,EBR,0
210,459,211, ,Through,EBT,0
211,210,22, ,Through,EBT,0
211,210,231, ,Left,EBL,0
211,22,210, ,Through,WBT,0
211,22,231, ,Right,WBR,0
211,194,210, ,Left,NBL,0
211,194,22, ,Right,NBR,0
211,194,231, ,Through,NBT,0
213,18,234, ,Through,NBT,0
213,18,214, ,Right,NBR,0
213,234,18, ,Through,SBT,0
213,234,214, ,Left,SBL,0
214,213,215, ,Through,EBT,0
214,213,197, ,Right,EBR,0
214,235,215, ,Left,SBL,0
214,235,197, ,Through,SBT,0
215,214,216, ,Through,EBT,0
215,214,236, ,Left,EBL,0
215,198,216, ,Right,NBR,0
215,198,236, ,Through,NBT,0
216,215,217, ,Through,EBT,0
216,215,199, ,Right,EBR,0
216,237,217, ,Left,SBL,0
216,237,199, ,Through,SBT,0
217,216,218, ,Through,EBT,0
217,216,238, ,Left,EBL,0
217,200,218, ,Right,NBR,0
217,200,238, ,Through,NBT,0
218,19,239, ,Through,NBT,0
218,19,219, ,Right,NBR,0
218,239,19, ,Through,SBT,0
218,239,219, ,Left,SBL,0
218,217,19, ,Right,EBR,0
218,217,239, ,Left,EBL,0
218,217,219, ,Through,EBT,0
219,19,241, ,Through,N/A,0
219,19,220, ,Through,N/A,0
219,19,201, ,Right,N/A,0
219,241,19, ,Through,SBT,0
219,241,220, ,Left,SBL,0
219,241,201, ,Through,SBT,0
219,218,19, ,Right,EBR,0
219,218,241, ,Through,EBT,0
219,218,220, ,Through,EBT,0
219,218,201, ,Right,EBR,0
219,240,19, ,Through,SBT,0
219,240,241, ,Left,SBL,0
219,240,220, ,Left,SBL,0
219,240,201, ,Through,SBT,0
220,219,221, ,Through,EBT,0
220,219,241, ,Left,EBL,0
220,202,221, ,Right,NBR,0
220,202,241, ,Through,NBT,0
221,220,222, ,Through,EBT,0
221,220,203, ,Right,EBR,0
221,242,222, ,Left,SBL,0
221,242,203, ,Through,SBT,0
222,221,223, ,Through,EBT,0
222,221,243, ,Left,EBL,0
222,204,223, ,Right,NBR,0
222,204,243, ,Through,NBT,0
223,244,20, ,Through,SBT,0
223,244,224, ,Left,SBL,0
223,20,244, ,Through,NBT,0
223,20,224, ,Right,NBR,0
223,222,244, ,Left,EBL,0
223,222,20, ,Right,EBR,0
223,222,224, ,Through,EBT,0
224,223,225, ,Through,EBT,0
224,223,205, ,Right,EBR,0
224,245,225, ,Left,SBL,0
224,245,205, ,Through,SBT,0
225,224,226, ,Through,EBT,0
225,224,246, ,Left,EBL,0
225,206,226, ,Right,NBR,0
225,206,246, ,Through,NBT,0
226,225,227, ,Through,EBT,0
226,225,207, ,Right,EBR,0
226,247,227, ,Left,SBL,0
226,247,207, ,Through,SBT,0
227,226,228, ,Through,EBT,0
227,226,248, ,Left,EBL,0
227,208,228, ,Right,NBR,0
227,208,248, ,Through,NBT,0
228,227,229, ,Through,EBT,0
228,227,21, ,Right,EBR,0
228,249,229, ,Left,SBL,0
228,249,21, ,Through,SBT,0
229,228,230, ,Through,EBT,0
229,228,250, ,Left,EBL,0
229,209,230, ,Right,NBR,0
229,209,250, ,Through,NBT,0
230,229,231, ,Through,EBT,0
230,229,459, ,Left,EBL,0
230,251,231, ,Left,SBL,0
230,251,459, ,Right,SBR,0
231,230,232, ,Through,EBT,0
231,230,252, ,Left,EBL,0
231,211,232, ,Right,NBR,0
231,211,252, ,Through,NBT,0
232,231,233, ,Through,EBT,0
232,231,22, ,Right,EBR,0
232,253,233, ,Left,SBL,0
232,253,22, ,Through,SBT,0
233,232,254, ,Left,EBL,0
233,23,254, ,Through,NBT,0
234,213,255, ,Through,NBT,0
234,255,213, ,Through,SBT,0
234,235,213, ,Left,WBL,0
234,235,255, ,Right,WBR,0
235,236,234, ,Through,WBT,0
235,236,214, ,Left,WBL,0
235,256,234, ,Right,SBR,0
235,256,214, ,Through,SBT,0
236,237,235, ,Through,WBT,0
236,237,257, ,Right,WBR,0
236,215,235, ,Left,NBL,0
236,215,257, ,Through,NBT,0
237,238,236, ,Through,WBT,0
237,238,216, ,Left,WBL,0
237,258,236, ,Right,SBR,0
237,258,216, ,Through,SBT,0
238,239,237, ,Through,WBT,0
238,239,259, ,Right,WBR,0
238,217,237, ,Left,NBL,0
238,217,259, ,Through,NBT,0
239,218,260, ,Through,NBT,0
239,218,238, ,Left,NBL,0
239,260,218, ,Through,SBT,0
239,260,238, ,Right,SBR,0
239,240,218, ,Left,WBL,0
239,240,260, ,Right,WBR,0
239,240,238, ,Through,WBT,0
240,241,239, ,Through,WBT,0
240,241,219, ,Left,WBL,0
240,261,239, ,Right,SBR,0
240,261,219, ,Through,SBT,0
241,219,263, ,Through,NBT,0
241,219,240, ,Left,NBL,0
241,219,262, ,Through,NBT,0
241,263,219, ,Through,N/A,0
241,263,240, ,Right,N/A,0
241,263,262, ,Right,N/A,0
241,242,219, ,Left,WBL,0
241,242,263, ,Right,WBR,0
241,242,240, ,Through,WBT,0
241,242,262, ,Right,WBR,0
241,220,219, ,Left,NBL,0
241,220,263, ,Through,NBT,0
241,220,240, ,Left,NBL,0
241,220,262, ,Through,NBT,0
242,243,241, ,Through,WBT,0
242,243,221, ,Left,WBL,0
242,263,241, ,Right,SBR,0
242,263,221, ,Through,SBT,0
243,244,242, ,Through,WBT,0
243,244,264, ,Right,WBR,0
243,222,242, ,Left,NBL,0
243,222,264, ,Through,NBT,0
244,265,223, ,Through,SBT,0
244,265,243, ,Right,SBR,0
244,223,265, ,Through,NBT,0
244,223,243, ,Left,NBL,0
244,245,265, ,Right,WBR,0
244,245,223, ,Left,WBL,0
244,245,243, ,Through,WBT,0
245,246,244, ,Through,WBT,0
245,246,224, ,Left,WBL,0
245,266,244, ,Right,SBR,0
245,266,224, ,Through,SBT,0
246,247,245, ,Through,WBT,0
246,247,267, ,Right,WBR,0
246,225,245, ,Left,NBL,0
246,225,267, ,Through,NBT,0
247,248,246, ,Through,WBT,0
247,248,226, ,Left,WBL,0
247,268,246, ,Right,SBR,0
247,268,226, ,Through,SBT,0
248,249,247, ,Through,WBT,0
248,249,269, ,Right,WBR,0
248,227,247, ,Left,NBL,0
248,227,269, ,Through,NBT,0
249,250,248, ,Through,WBT,0
249,250,228, ,Left,WBL,0
249,270,248, ,Right,SBR,0
249,270,228, ,Through,SBT,0
250,251,249, ,Through,WBT,0
250,251,271, ,Right,WBR,0
250,229,249, ,Left,NBL,0
250,229,271, ,Through,NBT,0
251,252,250, ,Through,WBT,0
251,252,230, ,Left,WBL,0
251,272,250, ,Right,SBR,0
251,272,230, ,Through,SBT,0
252,253,251, ,Through,WBT,0
252,253,273, ,Right,WBR,0
252,231,251, ,Left,NBL,0
252,231,273, ,Through,NBT,0
253,254,252, ,Through,WBT,0
253,254,232, ,Left,WBL,0
253,274,252, ,Right,SBR,0
253,274,232, ,Through,SBT,0
254,233,253, ,Left,NBL,0
254,233,275, ,Through,NBT,0
255,234,276, ,Through,NBT,0
255,234,256, ,Right,NBR,0
255,276,234, ,Through,SBT,0
255,276,256, ,Left,SBL,0
256,255,257, ,Through,EBT,0
256,255,235, ,Right,EBR,0
256,277,257, ,Left,SBL,0
256,277,235, ,Through,SBT,0
257,256,258, ,Through,EBT,0
257,256,278, ,Left,EBL,0
257,236,258, ,Right,NBR,0
257,236,278, ,Through,NBT,0
258,257,259, ,Through,EBT,0
258,257,237, ,Right,EBR,0
258,279,259, ,Left,SBL,0
258,279,237, ,Through,SBT,0
259,258,260, ,Through,EBT,0
259,258,280, ,Left,EBL,0
259,238,260, ,Right,NBR,0
259,238,280, ,Through,NBT,0
260,239,281, ,Through,NBT,0
260,239,261, ,Right,NBR,0
260,281,239, ,Through,SBT,0
260,281,261, ,Left,SBL,0
260,259,239, ,Right,EBR,0
260,259,281, ,Left,EBL,0
260,259,261, ,Through,EBT,0
261,260,262, ,Through,EBT,0
261,260,240, ,Right,EBR,0
261,282,262, ,Left,SBL,0
261,282,240, ,Through,SBT,0
262,261,263, ,Through,EBT,0
262,261,283, ,Left,EBL,0
262,241,263, ,Right,NBR,0
262,241,283, ,Through,NBT,0
263,241,285, ,Through,N/A,0
263,241,264, ,Through,N/A,0
263,241,242, ,Right,N/A,0
263,285,241, ,Through,SBT,0
263,285,264, ,Left,SBL,0
263,285,242, ,Through,SBT,0
263,262,241, ,Right,EBR,0
263,262,285, ,Through,EBT,0
263,262,264, ,Through,EBT,0
263,262,242, ,Right,EBR,0
263,284,241, ,Through,SBT,0
263,284,285, ,Left,SBL,0
263,284,264, ,Left,SBL,0
263,284,242, ,Through,SBT,0
264,263,265, ,Through,EBT,0
264,263,285, ,Left,EBL,0
264,243,265, ,Right,NBR,0
264,243,285, ,Through,NBT,0
265,286,244, ,Through,SBT,0
265,286,266, ,Left,SBL,0
265,244,286, ,Through,NBT,0
265,244,266, ,Right,NBR,0
265,264,286, ,Left,EBL,0
265,264,244, ,Right,EBR,0
265,264,266, ,Through,EBT,0
266,265,267, ,Through,EBT,0
266,265,245, ,Right,EBR,0
266,287,267, ,Left,SBL,0
266,287,245, ,Through,SBT,0
267,266,268, ,Through,EBT,0
267,266,288, ,Left,EBL,0
267,246,268, ,Right,NBR,0
267,246,288, ,Through,NBT,0
268,267,269, ,Through,EBT,0
268,267,247, ,Right,EBR,0
268,289,269, ,Left,SBL,0
268,289,247, ,Through,SBT,0
269,268,270, ,Through,EBT,0
269,268,290, ,Left,EBL,0
269,248,270, ,Right,NBR,0
269,248,290, ,Through,NBT,0
270,269,271, ,Through,EBT,0
270,269,249, ,Right,EBR,0
270,291,271, ,Left,SBL,0
270,291,249, ,Through,SBT,0
271,270,272, ,Through,EBT,0
271,270,292, ,Left,EBL,0
271,250,272, ,Right,NBR,0
271,250,292, ,Through,NBT,0
272,271,273, ,Through,EBT,0
272,271,251, ,Right,EBR,0
272,293,273, ,Left,SBL,0
272,293,251, ,Through,SBT,0
273,272,274, ,Through,EBT,0
273,272,294, ,Left,EBL,0
273,252,274, ,Right,NBR,0
273,252,294, ,Through,NBT,0
274,273,275, ,Through,EBT,0
274,273,253, ,Right,EBR,0
274,295,275, ,Left,SBL,0
274,295,253, ,Through,SBT,0
275,274,296, ,Left,EBL,0
275,254,296, ,Through,NBT,0
276,255,297, ,Through,NBT,0
276,297,255, ,Through,SBT,0
276,277,255, ,Left,WBL,0
276,277,297, ,Right,WBR,0
277,278,276, ,Through,WBT,0
277,278,256, ,Left,WBL,0
277,298,276, ,Right,SBR,0
277,298,256, ,Through,SBT,0
278,279,277, ,Through,WBT,0
278,279,299, ,Right,WBR,0
278,257,277, ,Left,NBL,0
278,257,299, ,Through,NBT,0
279,280,278, ,Through,WBT,0
279,280,258, ,Left,WBL,0
279,300,278, ,Right,SBR,0
279,300,258, ,Through,SBT,0
280,281,279, ,Through,WBT,0
280,281,301, ,Right,WBR,0
280,259,279, ,Left,NBL,0
280,259,301, ,Through,NBT,0
281,260,25, ,Through,NBT,0
281,260,280, ,Left,NBL,0
281,25,260, ,Through,SBT,0
281,25,280, ,Right,SBR,0
281,282,260, ,Left,WBL,0
281,282,25, ,Right,WBR,0
281,282,280, ,Through,WBT,0
282,283,281, ,Through,WBT,0
282,283,261, ,Left,WBL,0
282,302,281, ,Right,SBR,0
282,302,261, ,Through,SBT,0
283,284,282, ,Through,WBT,0
283,284,303, ,Right,WBR,0
283,262,282, ,Left,NBL,0
283,262,303, ,Through,NBT,0
284,285,283, ,Through,WBT,0
284,285,263, ,Left,WBL,0
284,304,283, ,Right,SBR,0
284,304,263, ,Through,SBT,0
285,263,323, ,Through,NBT,0
285,263,284, ,Left,NBL,0
285,263,305, ,Through,NBT,0
285,323,263, ,Through,N/A,0
285,323,284, ,Right,N/A,0
285,323,305, ,Right,N/A,0
285,286,263, ,Left,WBL,0
285,286,323, ,Right,WBR,0
285,286,284, ,Through,WBT,0
285,286,305, ,Right,WBR,0
285,264,263, ,Left,NBL,0
285,264,323, ,Through,NBT,0
285,264,284, ,Left,NBL,0
285,264,305, ,Through,NBT,0
286,26,265, ,Through,SBT,0
286,26,285, ,Right,SBR,0
286,265,26, ,Through,NBT,0
286,265,285, ,Left,NBL,0
286,287,26, ,Right,WBR,0
286,287,265, ,Left,WBL,0
286,287,285, ,Through,WBT,0
287,288,286, ,Through,WBT,0
287,288,266, ,Left,WBL,0
287,306,286, ,Right,SBR,0
287,306,266, ,Through,SBT,0
288,289,287, ,Through,WBT,0
288,289,307, ,Right,WBR,0
288,267,287, ,Left,NBL,0
288,267,307, ,Through,NBT,0
289,290,288, ,Through,WBT,0
289,290,268, ,Left,WBL,0
289,308,288, ,Right,SBR,0
289,308,268, ,Through,SBT,0
290,291,289, ,Through,WBT,0
290,291,309, ,Right,WBR,0
290,269,289, ,Left,NBL,0
290,269,309, ,Through,NBT,0
291,292,290, ,Through,WBT,0
291,292,270, ,Left,WBL,0
291,27,290, ,Right,SBR,0
291,27,270, ,Through,SBT,0
292,293,291, ,Through,WBT,0
292,293,310, ,Right,WBR,0
292,271,291, ,Left,NBL,0
292,271,310, ,Through,NBT,0
293,294,292, ,Through,WBT,0
293,294,272, ,Left,WBL,0
293,311,292, ,Right,SBR,0
293,311,272, ,Through,SBT,0
294,295,293, ,Through,WBT,0
294,295,312, ,Right,WBR,0
294,273,293, ,Left,NBL,0
294,273,312, ,Through,NBT,0
295,296,294, ,Through,WBT,0
295,296,274, ,Left,WBL,0
295,28,294, ,Right,SBR,0
295,28,274, ,Through,SBT,0
296,275,295, ,Left,NBL,0
296,275,29, ,Through,NBT,0
297,276,298, ,Right,NBR,0
297,276,313, ,Through,NBT,0
297,276,459, ,Through,NBT,0
297,298,276, ,Left,WBL,0
297,298,313, ,Right,WBR,0
297,298,459, ,Right,WBR,0
297,313,276, ,Through,N/A,0
297,313,298, ,Left,N/A,0
297,313,459, ,Right,N/A,0
297,459,276, ,Through,SBT,0
297,459,298, ,Left,SBL,0
297,459,313, ,Left,SBL,0
298,297,299, ,Through,EBT,0
298,297,277, ,Right,EBR,0
298,299,297, ,Through,WBT,0
298,299,277, ,Left,WBL,0
298,313,297, ,Right,SBR,0
298,313,299, ,Left,SBL,0
298,313,277, ,Through,SBT,0
299,298,300, ,Through,EBT,0
299,298,314, ,Left,EBL,0
299,300,298, ,Through,WBT,0
299,300,314, ,Right,WBR,0
299,278,298, ,Left,NBL,0
299,278,300, ,Right,NBR,0
299,278,314, ,Through,NBT,0
300,299,301, ,Through,EBT,0
300,299,279, ,Right,EBR,0
300,301,299, ,Through,WBT,0
300,301,279, ,Left,WBL,0
300,315,299, ,Right,SBR,0
300,315,301, ,Left,SBL,0
300,315,279, ,Through,SBT,0
301,300,25, ,Through,EBT,0
301,300,316, ,Left,EBL,0
301,25,300, ,Through,WBT,0
301,25,316, ,Right,WBR,0
301,280,300, ,Left,NBL,0
301,280,25, ,Right,NBR,0
301,280,316, ,Through,NBT,0
302,25,303, ,Through,EBT,0
302,25,282, ,Right,EBR,0
302,303,25, ,Through,WBT,0
302,303,282, ,Left,WBL,0
302,318,25, ,Right,SBR,0
302,318,303, ,Left,SBL,0
302,318,282, ,Through,SBT,0
303,302,304, ,Through,EBT,0
303,302,319, ,Left,EBL,0
303,304,302, ,Through,WBT,0
303,304,319, ,Right,WBR,0
303,283,302, ,Left,NBL,0
303,283,304, ,Right,NBR,0
303,283,319, ,Through,NBT,0
304,303,305, ,Through,EBT,0
304,303,284, ,Right,EBR,0
304,305,303, ,Through,WBT,0
304,305,284, ,Left,WBL,0
304,320,303, ,Right,SBR,0
304,320,305, ,Left,SBL,0
304,320,284, ,Through,SBT,0
305,304,26, ,Through,EBT,0
305,304,321, ,Left,EBL,0
305,26,304, ,Through,WBT,0
305,26,321, ,Right,WBR,0
305,285,304, ,Left,NBL,0
305,285,26, ,Right,NBR,0
305,285,321, ,Through,NBT,0
306,26,307, ,Through,EBT,0
306,26,287, ,Right,EBR,0
306,307,26, ,Through,WBT,0
306,307,287, ,Left,WBL,0
306,323,26, ,Right,SBR,0
306,323,307, ,Left,SBL,0
306,323,287, ,Through,SBT,0
307,306,308, ,Through,EBT,0
307,306,324, ,Left,EBL,0
307,308,306, ,Through,WBT,0
307,308,324, ,Right,WBR,0
307,288,306, ,Left,NBL,0
307,288,308, ,Right,NBR,0
307,288,324, ,Through,NBT,0
308,307,309, ,Through,EBT,0
308,307,289, ,Right,EBR,0
308,309,307, ,Through,WBT,0
308,309,289, ,Left,WBL,0
308,325,307, ,Right,SBR,0
308,325,309, ,Left,SBL,0
308,325,289, ,Through,SBT,0
309,308,27, ,Through,EBT,0
309,308,326, ,Left,EBL,0
309,27,308, ,Through,WBT,0
309,27,326, ,Right,WBR,0
309,290,308, ,Left,NBL,0
309,290,27, ,Right,NBR,0
309,290,326, ,Through,NBT,0
310,27,311, ,Through,EBT,0
310,27,328, ,Left,EBL,0
310,311,27, ,Through,WBT,0
310,311,328, ,Right,WBR,0
310,292,27, ,Left,NBL,0
310,292,311, ,Right,NBR,0
310,292,328, ,Through,NBT,0
311,310,312, ,Through,EBT,0
311,310,293, ,Right,EBR,0
311,312,310, ,Through,WBT,0
311,312,293, ,Left,WBL,0
311,329,310, ,Right,SBR,0
311,329,312, ,Left,SBL,0
311,329,293, ,Through,SBT,0
312,311,28, ,Through,EBT,0
312,311,330, ,Left,EBL,0
312,28,311, ,Through,WBT,0
312,28,330, ,Right,WBR,0
312,294,311, ,Left,NBL,0
312,294,28, ,Right,NBR,0
312,294,330, ,Through,NBT,0
313,297,333, ,Through,NBT,0
313,297,314, ,Through,NBT,0
313,297,298, ,Right,NBR,0
313,333,297, ,Through,SBT,0
313,333,314, ,Left,SBL,0
313,333,298, ,Through,SBT,0
313,459,297, ,Right,EBR,0
313,459,333, ,Left,EBL,0
313,459,314, ,Through,EBT,0
313,459,298, ,Through,EBT,0
314,313,315, ,Through,EBT,0
314,313,333, ,Left,EBL,0
314,299,315, ,Right,NBR,0
314,299,333, ,Through,NBT,0
315,314,316, ,Through,EBT,0
315,314,300, ,Right,EBR,0
315,334,316, ,Left,SBL,0
315,334,300, ,Through,SBT,0
316,315,317, ,Through,EBT,0
316,315,335, ,Left,EBL,0
316,301,317, ,Right,NBR,0
316,301,335, ,Through,NBT,0
317,25,336, ,Through,NBT,0
317,25,318, ,Right,NBR,0
317,336,25, ,Through,SBT,0
317,336,318, ,Left,SBL,0
317,316,25, ,Right,EBR,0
317,316,336, ,Left,EBL,0
317,316,318, ,Through,EBT,0
318,317,319, ,Through,EBT,0
318,317,302, ,Right,EBR,0
318,337,319, ,Left,SBL,0
318,337,302, ,Through,SBT,0
319,318,320, ,Through,EBT,0
319,318,338, ,Left,EBL,0
319,303,320, ,Right,NBR,0
319,303,338, ,Through,NBT,0
320,319,321, ,Through,EBT,0
320,319,304, ,Right,EBR,0
320,339,321, ,Left,SBL,0
320,339,304, ,Through,SBT,0
321,320,322, ,Through,EBT,0
321,320,460, ,Left,EBL,0
321,305,322, ,Right,NBR,0
321,305,460, ,Left,NBL,0
322,341,26, ,Through,SBT,0
322,341,323, ,Left,SBL,0
322,26,341, ,Through,NBT,0
322,26,323, ,Right,NBR,0
322,321,341, ,Left,EBL,0
322,321,26, ,Right,EBR,0
322,321,323, ,Through,EBT,0
323,285,343, ,Through,N/A,0
323,285,324, ,Through,N/A,0
323,285,306, ,Right,N/A,0
323,343,285, ,Through,SBT,0
323,343,324, ,Left,SBL,0
323,343,306, ,Through,SBT,0
323,322,285, ,Right,EBR,0
323,322,343, ,Through,EBT,0
323,322,324, ,Through,EBT,0
323,322,306, ,Right,EBR,0
323,342,285, ,Through,SBT,0
323,342,343, ,Left,SBL,0
323,342,324, ,Left,SBL,0
323,342,306, ,Through,SBT,0
324,323,325, ,Through,EBT,0
324,323,343, ,Left,EBL,0
324,307,325, ,Right,NBR,0
324,307,343, ,Through,NBT,0
325,324,326, ,Through,EBT,0
325,324,308, ,Right,EBR,0
325,344,326, ,Left,SBL,0
325,344,308, ,Through,SBT,0
326,325,327, ,Through,EBT,0
326,325,345, ,Left,EBL,0
326,309,327, ,Right,NBR,0
326,309,345, ,Through,NBT,0
327,326,328, ,Through,EBT,0
327,326,27, ,Right,EBR,0
327,346,328, ,Left,SBL,0
327,346,27, ,Through,SBT,0
328,327,329, ,Through,EBT,0
328,327,347, ,Left,EBL,0
328,310,329, ,Right,NBR,0
328,310,347, ,Through,NBT,0
329,328,330, ,Through,EBT,0
329,328,311, ,Right,EBR,0
329,348,330, ,Left,SBL,0
329,348,311, ,Through,SBT,0
330,329,331, ,Through,EBT,0
330,329,349, ,Left,EBL,0
330,312,331, ,Right,NBR,0
330,312,349, ,Through,NBT,0
331,330,332, ,Through,EBT,0
331,330,28, ,Right,EBR,0
331,350,332, ,Left,SBL,0
331,350,28, ,Through,SBT,0
332,331,351, ,Left,EBL,0
332,29,351, ,Through,NBT,0
333,313,352, ,Through,NBT,0
333,313,461, ,Left,NBL,0
333,352,313, ,Through,N/A,0
333,352,461, ,Right,N/A,0
333,334,313, ,Left,WBL,0
333,334,352, ,Right,WBR,0
333,334,461, ,Through,WBT,0
333,314,313, ,Left,NBL,0
333,314,352, ,Through,NBT,0
333,314,461, ,Through,NBT,0
334,335,333, ,Through,WBT,0
334,335,315, ,Left,WBL,0
334,352,333, ,Right,SBR,0
334,352,315, ,Through,SBT,0
335,336,334, ,Through,WBT,0
335,336,353, ,Right,WBR,0
335,316,334, ,Left,NBL,0
335,316,353, ,Through,NBT,0
336,317,354, ,Through,NBT,0
336,317,335, ,Left,NBL,0
336,354,317, ,Through,SBT,0
336,354,335, ,Right,SBR,0
336,337,317, ,Left,WBL,0
336,337,354, ,Right,WBR,0
336,337,335, ,Through,WBT,0
337,338,336, ,Through,WBT,0
337,338,318, ,Left,WBL,0
337,355,336, ,Right,SBR,0
337,355,318, ,Through,SBT,0
338,339,337, ,Through,WBT,0
338,339,356, ,Right,WBR,0
338,319,337, ,Left,NBL,0
338,319,356, ,Through,NBT,0
339,340,338, ,Through,WBT,0
339,340,320, ,Left,WBL,0
339,357,338, ,Right,SBR,0
339,357,320, ,Through,SBT,0
340,341,339, ,Through,WBT,0
340,460,339, ,Right,EBR,0
341,359,322, ,Through,SBT,0
341,359,340, ,Right,SBR,0
341,322,359, ,Through,NBT,0
341,322,340, ,Left,NBL,0
341,342,359, ,Right,WBR,0
341,342,322, ,Left,WBL,0
341,342,340, ,Through,WBT,0
342,343,341, ,Through,WBT,0
342,343,323, ,Left,WBL,0
342,360,341, ,Right,SBR,0
342,360,323, ,Through,SBT,0
343,323,362, ,Through,NBT,0
343,323,342, ,Left,NBL,0
343,323,361, ,Through,NBT,0
343,362,323, ,Through,N/A,0
343,362,342, ,Right,N/A,0
343,362,361, ,Right,N/A,0
343,344,323, ,Left,WBL,0
343,344,362, ,Right,WBR,0
343,344,342, ,Through,WBT,0
343,344,361, ,Right,WBR,0
343,324,323, ,Left,NBL,0
343,324,362, ,Through,NBT,0
343,324,342, ,Left,NBL,0
343,324,361, ,Through,NBT,0
344,345,343, ,Through,WBT,0
344,345,325, ,Left,WBL,0
344,362,343, ,Right,SBR,0
344,362,325, ,Through,SBT,0
345,346,344, ,Through,WBT,0
345,346,363, ,Right,WBR,0
345,326,344, ,Left,NBL,0
345,326,363, ,Through,NBT,0
346,347,345, ,Through,WBT,0
346,347,327, ,Left,WBL,0
346,364,345, ,Right,SBR,0
346,364,327, ,Through,SBT,0
347,348,346, ,Through,WBT,0
347,348,365, ,Right,WBR,0
347,328,346, ,Left,NBL,0
347,328,365, ,Through,NBT,0
348,349,347, ,Through,WBT,0
348,349,329, ,Left,WBL,0
348,366,347, ,Right,SBR,0
348,366,329, ,Through,SBT,0
349,350,348, ,Through,WBT,0
349,350,367, ,Right,WBR,0
349,330,348, ,Left,NBL,0
349,330,367, ,Through,NBT,0
350,351,349, ,Through,WBT,0
350,351,331, ,Left,WBL,0
350,368,349, ,Right,SBR,0
350,368,331, ,Through,SBT,0
351,332,350, ,Left,NBL,0
351,332,369, ,Through,NBT,0
352,333,370, ,Through,NBT,0
352,333,353, ,Through,NBT,0
352,333,334, ,Right,NBR,0
352,370,333, ,Through,SBT,0
352,370,353, ,Left,SBL,0
352,370,334, ,Through,SBT,0
352,466,333, ,Right,EBR,0
352,466,370, ,Left,EBL,0
352,466,353, ,Through,EBT,0
352,466,334, ,Through,EBT,0
353,352,354, ,Through,EBT,0
353,352,370, ,Left,EBL,0
353,335,354, ,Right,NBR,0
353,335,370, ,Through,NBT,0
354,336,371, ,Through,NBT,0
354,336,355, ,Right,NBR,0
354,371,336, ,Through,SBT,0
354,371,355, ,Left,SBL,0
354,353,336, ,Right,EBR,0
354,353,371, ,Left,EBL,0
354,353,355, ,Through,EBT,0
355,354,356, ,Through,EBT,0
355,354,337, ,Right,EBR,0
355,372,356, ,Left,SBL,0
355,372,337, ,Through,SBT,0
356,355,357, ,Through,EBT,0
356,355,373, ,Left,EBL,0
356,338,357, ,Right,NBR,0
356,338,373, ,Through,NBT,0
357,356,358, ,Through,EBT,0
357,356,339, ,Right,EBR,0
357,374,358, ,Left,SBL,0
357,374,339, ,Through,SBT,0
358,357,359, ,Through,EBT,0
358,357,375, ,Left,EBL,0
358,460,359, ,Through,EBT,0
358,460,375, ,Left,EBL,0
359,376,341, ,Through,SBT,0
359,376,360, ,Left,SBL,0
359,341,376, ,Through,NBT,0
359,341,360, ,Right,NBR,0
359,358,376, ,Left,EBL,0
359,358,341, ,Right,EBR,0
359,358,360, ,Through,EBT,0
360,359,361, ,Through,EBT,0
360,359,342, ,Right,EBR,0
360,377,361, ,Left,SBL,0
360,377,342, ,Through,SBT,0
361,360,362, ,Through,EBT,0
361,360,378, ,Left,EBL,0
361,343,362, ,Right,NBR,0
361,343,378, ,Through,NBT,0
362,343,380, ,Through,N/A,0
362,343,363, ,Through,N/A,0
362,343,344, ,Right,N/A,0
362,380,343, ,Through,SBT,0
362,380,363, ,Left,SBL,0
362,380,344, ,Through,SBT,0
362,361,343, ,Right,EBR,0
362,361,380, ,Through,EBT,0
362,361,363, ,Through,EBT,0
362,361,344, ,Right,EBR,0
362,379,343, ,Through,SBT,0
362,379,380, ,Left,SBL,0
362,379,363, ,Left,SBL,0
362,379,344, ,Through,SBT,0
363,362,364, ,Through,EBT,0
363,362,380, ,Left,EBL,0
363,345,364, ,Right,NBR,0
363,345,380, ,Through,NBT,0
364,363,365, ,Through,EBT,0
364,363,346, ,Right,EBR,0
364,381,365, ,Left,SBL,0
364,381,346, ,Through,SBT,0
365,364,366, ,Through,EBT,0
365,364,382, ,Left,EBL,0
365,347,366, ,Right,NBR,0
365,347,382, ,Through,NBT,0
366,365,367, ,Through,EBT,0
366,365,348, ,Right,EBR,0
366,383,367, ,Left,SBL,0
366,383,348, ,Through,SBT,0
367,366,368, ,Through,EBT,0
367,366,384, ,Left,EBL,0
367,349,368, ,Right,NBR,0
367,349,384, ,Through,NBT,0
368,367,369, ,Through,EBT,0
368,367,350, ,Right,EBR,0
368,385,369, ,Left,SBL,0
368,385,350, ,Through,SBT,0
369,368,386, ,Left,EBL,0
369,351,386, ,Through,NBT,0
370,352,34, ,Through,NBT,0
370,34,352, ,Through,N/A,0
370,371,352, ,Left,WBL,0
370,371,34, ,Right,WBR,0
370,353,352, ,Left,NBL,0
370,353,34, ,Through,NBT,0
371,354,34, ,Through,NBT,0
371,354,370, ,Left,NBL,0
371,34,354, ,Through,SBT,0
371,34,370, ,Right,SBR,0
371,372,354, ,Left,WBL,0
371,372,34, ,Right,WBR,0
371,372,370, ,Through,WBT,0
372,373,371, ,Through,WBT,0
372,373,355, ,Left,WBL,0
372,387,371, ,Right,SBR,0
372,387,355, ,Through,SBT,0
373,374,372, ,Through,WBT,0
373,374,388, ,Right,WBR,0
373,356,372, ,Left,NBL,0
373,356,388, ,Through,NBT,0
374,375,373, ,Through,WBT,0
374,375,357, ,Left,WBL,0
374,389,373, ,Right,SBR,0
374,389,357, ,Through,SBT,0
375,376,374, ,Through,WBT,0
375,376,390, ,Right,WBR,0
375,358,374, ,Left,NBL,0
375,358,390, ,Through,NBT,0
376,36,359, ,Through,SBT,0
376,36,375, ,Right,SBR,0
376,359,36, ,Through,NBT,0
376,359,375, ,Left,NBL,0
376,377,36, ,Right,WBR,0
376,377,359, ,Left,WBL,0
376,377,375, ,Through,WBT,0
377,378,376, ,Through,WBT,0
377,378,360, ,Left,WBL,0
377,391,376, ,Right,SBR,0
377,391,360, ,Through,SBT,0
378,379,377, ,Through,WBT,0
378,379,392, ,Right,WBR,0
378,361,377, ,Left,NBL,0
378,361,392, ,Through,NBT,0
379,380,378, ,Through,WBT,0
379,380,362, ,Left,WBL,0
379,393,378, ,Right,SBR,0
379,393,362, ,Through,SBT,0
380,362,37, ,Through,NBT,0
380,362,379, ,Left,NBL,0
380,362,394, ,Through,NBT,0
380,37,362, ,Through,N/A,0
380,37,379, ,Right,N/A,0
380,37,394, ,Right,N/A,0
380,381,362, ,Left,WBL,0
380,381,37, ,Right,WBR,0
380,381,379, ,Through,WBT,0
380,381,394, ,Right,WBR,0
380,363,362, ,Left,NBL,0
380,363,37, ,Through,NBT,0
380,363,379, ,Left,NBL,0
380,363,394, ,Through,NBT,0
381,382,380, ,Through,WBT,0
381,382,364, ,Left,WBL,0
381,37,380, ,Right,SBR,0
381,37,364, ,Through,SBT,0
382,383,381, ,Through,WBT,0
382,383,395, ,Right,WBR,0
382,365,381, ,Left,NBL,0
382,365,395, ,Through,NBT,0
383,384,382, ,Through,WBT,0
383,384,366, ,Left,WBL,0
383,396,382, ,Right,SBR,0
383,396,366, ,Through,SBT,0
384,385,383, ,Through,WBT,0
384,385,397, ,Right,WBR,0
384,367,383, ,Left,NBL,0
384,367,397, ,Through,NBT,0
385,386,384, ,Through,WBT,0
385,386,368, ,Left,WBL,0
385,38,384, ,Right,SBR,0
385,38,368, ,Through,SBT,0
386,369,385, ,Left,NBL,0
386,369,39, ,Through,NBT,0
387,34,388, ,Through,EBT,0
387,34,372, ,Right,EBR,0
387,388,34, ,Through,WBT,0
387,388,372, ,Left,WBL,0
387,398,34, ,Right,SBR,0
387,398,388, ,Left,SBL,0
387,398,372, ,Through,SBT,0
388,387,389, ,Through,EBT,0
388,387,399, ,Left,EBL,0
388,389,387, ,Through,WBT,0
388,389,399, ,Right,WBR,0
388,373,387, ,Left,NBL,0
388,373,389, ,Right,NBR,0
388,373,399, ,Through,NBT,0
389,388,390, ,Through,EBT,0
389,388,374, ,Right,EBR,0
389,390,388, ,Through,WBT,0
389,390,374, ,Left,WBL,0
389,400,388, ,Right,SBR,0
389,400,390, ,Left,SBL,0
389,400,374, ,Through,SBT,0
390,389,36, ,Through,EBT,0
390,389,401, ,Left,EBL,0
390,36,389, ,Through,WBT,0
390,36,401, ,Right,WBR,0
390,375,389, ,Left,NBL,0
390,375,36, ,Right,NBR,0
390,375,401, ,Through,NBT,0
391,36,392, ,Through,EBT,0
391,36,377, ,Right,EBR,0
391,392,36, ,Through,WBT,0
391,392,377, ,Left,WBL,0
391,403,36, ,Right,SBR,0
391,403,392, ,Left,SBL,0
391,403,377, ,Through,SBT,0
392,391,393, ,Through,EBT,0
392,391,404, ,Left,EBL,0
392,393,391, ,Through,WBT,0
392,393,404, ,Right,WBR,0
392,378,391, ,Left,NBL,0
392,378,393, ,Right,NBR,0
392,378,404, ,Through,NBT,0
393,392,394, ,Through,EBT,0
393,392,379, ,Right,EBR,0
393,394,392, ,Through,WBT,0
393,394,379, ,Left,WBL,0
393,405,392, ,Right,SBR,0
393,405,394, ,Left,SBL,0
393,405,379, ,Through,SBT,0
394,393,37, ,Through,EBT,0
394,393,406, ,Left,EBL,0
394,37,393, ,Through,WBT,0
394,37,406, ,Right,WBR,0
394,380,393, ,Left,NBL,0
394,380,37, ,Right,NBR,0
394,380,406, ,Through,NBT,0
395,37,396, ,Through,EBT,0
395,37,408, ,Left,EBL,0
395,396,37, ,Through,WBT,0
395,396,408, ,Right,WBR,0
395,382,37, ,Left,NBL,0
395,382,396, ,Right,NBR,0
395,382,408, ,Through,NBT,0
396,395,397, ,Through,EBT,0
396,395,383, ,Right,EBR,0
396,397,395, ,Through,WBT,0
396,397,383, ,Left,WBL,0
396,409,395, ,Right,SBR,0
396,409,397, ,Left,SBL,0
396,409,383, ,Through,SBT,0
397,396,38, ,Through,EBT,0
397,396,410, ,Left,EBL,0
397,38,396, ,Through,WBT,0
397,38,410, ,Right,WBR,0
397,384,396, ,Left,NBL,0
397,384,38, ,Right,NBR,0
397,384,410, ,Through,NBT,0
398,34,413, ,Through,NBT,0
398,34,399, ,Through,NBT,0
398,34,387, ,Right,NBR,0
398,413,34, ,Through,SBT,0
398,413,399, ,Left,SBL,0
398,413,387, ,Through,SBT,0
398,468,34, ,Right,EBR,0
398,468,413, ,Left,EBL,0
398,468,399, ,Through,EBT,0
398,468,387, ,Through,EBT,0
399,398,400, ,Through,EBT,0
399,398,413, ,Left,EBL,0
399,388,400, ,Right,NBR,0
399,388,413, ,Through,NBT,0
400,399,401, ,Through,EBT,0
400,399,389, ,Right,EBR,0
400,414,401, ,Left,SBL,0
400,414,389, ,Through,SBT,0
401,400,402, ,Through,EBT,0
401,400,415, ,Left,EBL,0
401,390,402, ,Right,NBR,0
401,390,415, ,Through,NBT,0
402,416,36, ,Through,SBT,0
402,416,403, ,Left,SBL,0
402,36,416, ,Through,NBT,0
402,36,403, ,Right,NBR,0
402,401,416, ,Left,EBL,0
402,401,36, ,Right,EBR,0
402,401,403, ,Through,EBT,0
403,402,404, ,Through,EBT,0
403,402,391, ,Right,EBR,0
403,417,404, ,Left,SBL,0
403,417,391, ,Through,SBT,0
404,403,405, ,Through,EBT,0
404,403,418, ,Left,EBL,0
404,392,405, ,Right,NBR,0
404,392,418, ,Through,NBT,0
405,404,406, ,Through,EBT,0
405,404,393, ,Right,EBR,0
405,419,406, ,Left,SBL,0
405,419,393, ,Through,SBT,0
406,405,407, ,Through,EBT,0
406,405,420, ,Left,EBL,0
406,394,407, ,Right,NBR,0
406,394,420, ,Through,NBT,0
407,406,408, ,Through,EBT,0
407,406,37, ,Right,EBR,0
407,421,408, ,Left,SBL,0
407,421,37, ,Through,SBT,0
408,37,423, ,Through,NBT,0
408,37,409, ,Through,NBT,0
408,37,422, ,Through,NBT,0
408,423,37, ,Through,N/A,0
408,423,409, ,Left,N/A,0
408,423,422, ,Right,N/A,0
408,407,37, ,Right,EBR,0
408,407,423, ,Through,EBT,0
408,407,409, ,Through,EBT,0
408,407,422, ,Left,EBL,0
408,395,37, ,Left,NBL,0
408,395,423, ,Through,NBT,0
408,395,409, ,Right,NBR,0
408,395,422, ,Through,NBT,0
409,408,410, ,Through,EBT,0
409,408,396, ,Right,EBR,0
409,423,410, ,Left,SBL,0
409,423,396, ,Through,SBT,0
410,409,411, ,Through,EBT,0
410,409,424, ,Left,EBL,0
410,397,411, ,Right,NBR,0
410,397,424, ,Through,NBT,0
411,410,412, ,Through,EBT,0
411,410,38, ,Right,EBR,0
411,425,412, ,Left,SBL,0
411,425,38, ,Through,SBT,0
412,411,426, ,Left,EBL,0
412,39,426, ,Through,NBT,0
413,398,427, ,Through,NBT,0
413,398,469, ,Left,NBL,0
413,427,398, ,Through,N/A,0
413,427,469, ,Right,N/A,0
413,414,398, ,Left,WBL,0
413,414,427, ,Right,WBR,0
413,414,469, ,Through,WBT,0
413,399,398, ,Left,NBL,0
413,399,427, ,Through,NBT,0
413,399,469, ,Through,NBT,0
414,415,413, ,Through,WBT,0
414,415,400, ,Left,WBL,0
414,427,413, ,Right,SBR,0
414,427,400, ,Through,SBT,0
415,416,414, ,Through,WBT,0
415,416,428, ,Right,WBR,0
415,401,414, ,Left,NBL,0
415,401,428, ,Through,NBT,0
416,429,402, ,Through,SBT,0
416,429,415, ,Right,SBR,0
416,402,429, ,Through,NBT,0
416,402,415, ,Left,NBL,0
416,417,429, ,Right,WBR,0
416,417,402, ,Left,WBL,0
416,417,415, ,Through,WBT,0
417,418,416, ,Through,WBT,0
417,418,403, ,Left,WBL,0
417,430,416, ,Right,SBR,0
417,430,403, ,Through,SBT,0
418,419,417, ,Through,WBT,0
418,419,431, ,Right,WBR,0
418,404,417, ,Left,NBL,0
418,404,431, ,Through,NBT,0
419,420,418, ,Through,WBT,0
419,420,405, ,Left,WBL,0
419,432,418, ,Right,SBR,0
419,432,405, ,Through,SBT,0
420,421,419, ,Through,WBT,0
420,421,433, ,Right,WBR,0
420,406,419, ,Left,NBL,0
420,406,433, ,Through,NBT,0
421,422,420, ,Through,WBT,0
421,422,407, ,Left,WBL,0
421,434,420, ,Right,SBR,0
421,434,407, ,Through,SBT,0
422,423,421, ,Through,WBT,0
422,423,435, ,Right,WBR,0
422,408,421, ,Left,NBL,0
422,408,435, ,Through,NBT,0
423,408,437, ,Through,N/A,0
423,408,422, ,Left,N/A,0
423,408,409, ,Right,N/A,0
423,437,408, ,Through,SBT,0
423,437,422, ,Right,SBR,0
423,437,409, ,Through,SBT,0
423,424,408, ,Left,WBL,0
423,424,437, ,Right,WBR,0
423,424,422, ,Through,WBT,0
423,424,409, ,Left,WBL,0
423,436,408, ,Through,SBT,0
423,436,437, ,Left,SBL,0
423,436,422, ,Right,SBR,0
423,436,409, ,Through,SBT,0
424,425,423, ,Through,WBT,0
424,425,437, ,Right,WBR,0
424,410,423, ,Left,NBL,0
424,410,437, ,Through,NBT,0
425,426,424, ,Through,WBT,0
425,426,411, ,Left,WBL,0
425,438,424, ,Right,SBR,0
425,438,411, ,Through,SBT,0
426,412,425, ,Left,NBL,0
426,412,439, ,Through,NBT,0
427,413,440, ,Through,NBT,0
427,413,428, ,Through,NBT,0
427,413,414, ,Right,NBR,0
427,440,413, ,Through,SBT,0
427,440,428, ,Left,SBL,0
427,440,414, ,Through,SBT,0
427,470,413, ,Right,EBR,0
427,470,440, ,Left,EBL,0
427,470,428, ,Through,EBT,0
427,470,414, ,Through,EBT,0
428,427,429, ,Through,EBT,0
428,427,440, ,Left,EBL,0
428,415,429, ,Right,NBR,0
428,415,440, ,Through,NBT,0
429,441,416, ,Through,SBT,0
429,441,430, ,Left,SBL,0
429,416,441, ,Through,NBT,0
429,416,430, ,Right,NBR,0
429,428,441, ,Left,EBL,0
429,428,416, ,Right,EBR,0
429,428,430, ,Through,EBT,0
430,429,431, ,Through,EBT,0
430,429,417, ,Right,EBR,0
430,442,431, ,Left,SBL,0
430,442,417, ,Through,SBT,0
431,430,432, ,Through,EBT,0
431,430,443, ,Left,EBL,0
431,418,432, ,Right,NBR,0
431,418,443, ,Through,NBT,0
432,431,433, ,Through,EBT,0
432,431,419, ,Right,EBR,0
432,444,433, ,Left,SBL,0
432,444,419, ,Through,SBT,0
433,432,434, ,Through,EBT,0
433,432,445, ,Left,EBL,0
433,420,434, ,Right,NBR,0
433,420,445, ,Through,NBT,0
434,433,435, ,Through,EBT,0
434,433,421, ,Right,EBR,0
434,446,435, ,Left,SBL,0
434,446,421, ,Through,SBT,0
435,434,436, ,Through,EBT,0
435,434,447, ,Left,EBL,0
435,422,436, ,Right,NBR,0
435,422,447, ,Through,NBT,0
436,435,437, ,Through,EBT,0
436,435,423, ,Right,EBR,0
436,448,437, ,Left,SBL,0
436,448,423, ,Through,SBT,0
437,423,450, ,Through,NBT,0
437,423,438, ,Through,NBT,0
437,423,449, ,Through,NBT,0
437,450,423, ,Through,N/A,0
437,450,438, ,Left,N/A,0
437,450,449, ,Right,N/A,0
437,436,423, ,Right,EBR,0
437,436,450, ,Through,EBT,0
437,436,438, ,Through,EBT,0
437,436,449, ,Left,EBL,0
437,424,423, ,Left,NBL,0
437,424,450, ,Through,NBT,0
437,424,438, ,Right,NBR,0
437,424,449, ,Through,NBT,0
438,437,439, ,Through,EBT,0
438,437,425, ,Right,EBR,0
438,450,439, ,Left,SBL,0
438,450,425, ,Through,SBT,0
439,438,451, ,Left,EBL,0
439,426,451, ,Through,NBT,0
440,427,41, ,Through,NBT,0
440,427,471, ,Left,NBL,0
440,41,427, ,Through,N/A,0
440,41,471, ,Right,N/A,0
440,441,427, ,Left,WBL,0
440,441,41, ,Right,WBR,0
440,441,471, ,Through,WBT,0
440,428,427, ,Left,NBL,0
440,428,41, ,Through,NBT,0
440,428,471, ,Through,NBT,0
441,41,429, ,Through,SBT,0
441,41,440, ,Right,SBR,0
441,429,41, ,Through,NBT,0
441,429,440, ,Left,NBL,0
441,442,41, ,Right,WBR,0
441,442,429, ,Left,WBL,0
441,442,440, ,Through,WBT,0
442,443,441, ,Through,WBT,0
442,443,430, ,Left,WBL,0
442,452,441, ,Right,SBR,0
442,452,430, ,Through,SBT,0
443,444,442, ,Through,WBT,0
443,444,453, ,Right,WBR,0
443,431,442, ,Left,NBL,0
443,431,453, ,Through,NBT,0
444,445,443, ,Through,WBT,0
444,445,432, ,Left,WBL,0
444,454,443, ,Right,SBR,0
444,454,432, ,Through,SBT,0
445,446,444, ,Through,WBT,0
445,446,455, ,Right,WBR,0
445,433,444, ,Left,NBL,0
445,433,455, ,Through,NBT,0
446,447,445, ,Through,WBT,0
446,447,434, ,Left,WBL,0
446,42,445, ,Right,SBR,0
446,42,434, ,Through,SBT,0
447,448,446, ,Through,WBT,0
447,448,456, ,Right,WBR,0
447,435,446, ,Left,NBL,0
447,435,456, ,Through,NBT,0
448,449,447, ,Through,WBT,0
448,449,436, ,Left,WBL,0
448,457,447, ,Right,SBR,0
448,457,436, ,Through,SBT,0
449,450,448, ,Through,WBT,0
449,450,458, ,Right,WBR,0
449,437,448, ,Left,NBL,0
449,437,458, ,Through,NBT,0
450,437,44, ,Through,N/A,0
450,437,449, ,Left,N/A,0
450,437,438, ,Right,N/A,0
450,44,437, ,Through,SBT,0
450,44,449, ,Right,SBR,0
450,44,438, ,Through,SBT,0
450,451,437, ,Left,WBL,0
450,451,44, ,Right,WBR,0
450,451,449, ,Through,WBT,0
450,451,438, ,Left,WBL,0
450,43,437, ,Through,SBT,0
450,43,44, ,Left,SBL,0
450,43,449, ,Right,SBR,0
450,43,438, ,Through,SBT,0
451,439,450, ,Left,NBL,0
451,439,44, ,Through,NBT,0
452,453,41, ,Through,WBT,0
452,453,442, ,Left,WBL,0
452,41,453, ,Through,EBT,0
452,41,442, ,Right,EBR,0
452,474,453, ,Left,SBL,0
452,474,41, ,Right,SBR,0
452,474,442, ,Through,SBT,0
453,454,452, ,Through,WBT,0
453,454,474, ,Right,WBR,0
453,452,454, ,Through,EBT,0
453,452,474, ,Left,EBL,0
453,443,454, ,Right,NBR,0
453,443,452, ,Left,NBL,0
453,443,474, ,Through,NBT,0
454,455,453, ,Through,WBT,0
454,455,444, ,Left,WBL,0
454,453,455, ,Through,EBT,0
454,453,444, ,Right,EBR,0
454,475,455, ,Left,SBL,0
454,475,453, ,Right,SBR,0
454,475,444, ,Through,SBT,0
455,42,454, ,Through,WBT,0
455,42,475, ,Right,WBR,0
455,454,42, ,Through,EBT,0
455,454,475, ,Left,EBL,0
455,445,42, ,Right,NBR,0
455,445,454, ,Left,NBL,0
455,445,475, ,Through,NBT,0
456,457,42, ,Through,WBT,0
456,457,476, ,Right,WBR,0
456,42,457, ,Through,EBT,0
456,42,476, ,Left,EBL,0
456,447,457, ,Right,NBR,0
456,447,42, ,Left,NBL,0
456,447,476, ,Through,NBT,0
457,458,456, ,Through,WBT,0
457,458,448, ,Left,WBL,0
457,456,458, ,Through,EBT,0
457,456,448, ,Right,EBR,0
457,477,458, ,Left,SBL,0
457,477,456, ,Right,SBR,0
457,477,448, ,Through,SBT,0
458,43,457, ,Through,WBT,0
458,43,477, ,Right,WBR,0
458,457,43, ,Through,EBT,0
458,457,477, ,Left,EBL,0
458,449,43, ,Right,NBR,0
458,449,457, ,Left,NBL,0
458,449,477, ,Through,NBT,0
459,230,210, ,Left,WBL,0
459,230,193, ,Left,WBL,0
459,230,297, ,Left,WBL,0
459,230,460, ,Right,WBR,0
459,230,313, ,Left,WBL,0
459,210,193, ,Left,WBL,0
459,210,297, ,Left,WBL,0
459,210,460, ,Right,WBR,0
459,210,313, ,Left,WBL,0
459,297,210, ,Right,NBR,0
459,297,193, ,Right,NBR,0
459,297,460, ,Through,NBT,0
459,297,313, ,Right,NBR,0
459,460,210, ,Left,SBL,0
459,460,193, ,Left,SBL,0
459,460,297, ,Through,SBT,0
459,460,313, ,Through,SBT,0
460,321,340, ,Right,WBR,0
460,321,358, ,Right,WBR,0
460,321,459, ,Left,WBL,0
460,321,461, ,Right,WBR,0
460,459,340, ,Right,NBR,0
460,459,358, ,Right,NBR,0
460,459,461, ,Through,NBT,0
460,461,340, ,Left,N/A,0
460,461,358, ,Left,N/A,0
460,461,459, ,Through,N/A,0
461,460,466, ,Through,NBT,0
461,466,460, ,Through,SBT,0
461,333,460, ,Left,WBL,0
461,333,466, ,Right,WBR,0
462,466,463, ,Through,NBT,0
462,466,467, ,Right,NBR,0
462,463,466, ,Through,SBT,0
462,463,467, ,Left,SBL,0
462,467,466, ,Left,WBL,0
462,467,463, ,Right,WBR,0
463,462,464, ,Through,NBT,0
463,462,468, ,Right,NBR,0
463,464,462, ,Through,SBT,0
463,464,468, ,Left,SBL,0
464,463,465, ,Through,NBT,0
464,465,463, ,Through,SBT,0
464,469,463, ,Left,WBL,0
464,469,465, ,Right,WBR,0
465,464,40, ,Through,NBT,0
465,464,470, ,Right,NBR,0
465,40,464, ,Through,SBT,0
465,40,470, ,Left,SBL,0
466,461,462, ,Through,NBT,0
466,461,352, ,Right,NBR,0
466,462,461, ,Through,SBT,0
466,462,352, ,Left,SBL,0
467,462,34, ,Through,EBT,0
467,462,468, ,Left,EBL,0
467,34,462, ,Through,WBT,0
467,34,468, ,Right,WBR,0
467,468,462, ,Right,SBR,0
467,468,34, ,Left,SBL,0
468,469,467, ,Through,SBT,0
468,469,398, ,Left,SBL,0
468,467,469, ,Through,NBT,0
468,467,398, ,Right,NBR,0
468,463,469, ,Left,EBL,0
468,463,467, ,Right,EBR,0
468,463,398, ,Through,EBT,0
469,470,468, ,Through,SBT,0
469,470,464, ,Right,SBR,0
469,468,470, ,Through,NBT,0
469,468,464, ,Left,NBL,0
469,413,470, ,Right,WBR,0
469,413,468, ,Left,WBL,0
469,413,464, ,Through,WBT,0
470,471,469, ,Through,SBT,0
470,471,427, ,Left,SBL,0
470,469,471, ,Through,NBT,0
470,469,427, ,Right,NBR,0
470,465,471, ,Left,EBL,0
470,465,469, ,Right,EBR,0
470,465,427, ,Through,EBT,0
471,470,472, ,Left,NBL,0
471,440,470, ,Left,WBL,0
471,440,472, ,Through,WBT,0
472,40,41, ,Through,EBT,0
472,41,40, ,Through,WBT,0
472,471,40, ,Through,N/A,0
472,471,41, ,Right,N/A,0
473,40,500, ,Through,NBT,0
473,40,41, ,Right,NBR,0
473,40,474, ,Right,NBR,0
473,500,40, ,Through,SWT,0
473,500,41, ,Through,SWT,0
473,500,474, ,Left,SWL,0
473,41,40, ,Left,NBL,0
473,41,500, ,Through,NBT,0
473,41,474, ,Right,NBR,0
473,474,40, ,Left,WBL,0
473,474,500, ,Right,WBR,0
473,474,41, ,Left,WBL,0
474,41,480, ,Through,NBT,0
474,41,452, ,Right,NBR,0
474,41,473, ,Left,NBL,0
474,41,475, ,Through,NBT,0
474,480,41, ,Through,SWT,0
474,480,452, ,Through,SWT,0
474,480,473, ,Right,SWR,0
474,480,475, ,Left,SWL,0
474,453,41, ,Left,NBL,0
474,453,480, ,Through,NBT,0
474,453,452, ,Left,NBL,0
474,453,473, ,Left,NBL,0
474,453,475, ,Right,NBR,0
474,473,41, ,Right,SER,0
474,473,480, ,Left,SEL,0
474,473,452, ,Right,SER,0
474,473,475, ,Through,SET,0
474,475,41, ,Left,WBL,0
474,475,480, ,Right,WBR,0
474,475,452, ,Left,WBL,0
474,475,473, ,Through,WBT,0
475,455,454, ,Left,NBL,0
475,455,481, ,Through,NBT,0
475,455,474, ,Left,NBL,0
475,455,476, ,Right,NBR,0
475,481,454, ,Through,SBT,0
475,481,474, ,Right,SBR,0
475,481,476, ,Left,SBL,0
475,474,454, ,Right,EBR,0
475,474,481, ,Left,EBL,0
475,474,476, ,Through,EBT,0
475,476,454, ,Left,WBL,0
475,476,481, ,Right,WBR,0
475,476,474, ,Through,WBT,0
476,456,42, ,Left,NBL,0
476,456,482, ,Through,NBT,0
476,456,475, ,Left,NBL,0
476,456,477, ,Right,NBR,0
476,482,42, ,Through,SBT,0
476,482,475, ,Right,SBR,0
476,482,477, ,Left,SBL,0
476,475,42, ,Right,EBR,0
476,475,482, ,Left,EBL,0
476,475,477, ,Through,EBT,0
476,477,42, ,Left,WBL,0
476,477,482, ,Right,WBR,0
476,477,475, ,Through,WBT,0
477,458,457, ,Left,NBL,0
477,458,483, ,Through,NBT,0
477,458,476, ,Left,NBL,0
477,458,478, ,Right,NBR,0
477,483,457, ,Through,SBT,0
477,483,476, ,Right,SBR,0
477,483,478, ,Left,SBL,0
477,476,457, ,Right,EBR,0
477,476,483, ,Left,EBL,0
477,476,478, ,Through,EBT,0
477,478,457, ,Left,WBL,0
477,478,483, ,Right,WBR,0
477,478,476, ,Through,WBT,0
478,484,43, ,Through,SBT,0
478,484,477, ,Right,SBR,0
478,484,479, ,Left,SBL,0
478,477,43, ,Right,EBR,0
478,477,479, ,Through,EBT,0
478,479,43, ,Left,WBL,0
478,479,477, ,Through,WBT,0
479,44,485, ,Through,NBT,0
479,44,478, ,Left,NBL,0
479,478,485, ,Left,EBL,0
480,474,486, ,Through,NBT,0
480,474,481, ,Right,NBR,0
480,474,500, ,Left,NBL,0
480,486,474, ,Through,SBT,0
480,486,481, ,Left,SBL,0
480,486,500, ,Right,SBR,0
480,481,474, ,Left,WBL,0
480,481,486, ,Right,WBR,0
480,481,500, ,Through,WBT,0
480,500,474, ,Right,SER,0
480,500,486, ,Left,SEL,0
480,500,481, ,Through,SET,0
481,475,486, ,Through,NBT,0
481,475,482, ,Right,NBR,0
481,475,480, ,Left,NBL,0
481,486,475, ,Through,SBT,0
481,486,482, ,Left,SBL,0
481,486,480, ,Right,SBR,0
481,482,475, ,Left,WBL,0
481,482,486, ,Right,WBR,0
481,482,480, ,Through,WBT,0
481,480,475, ,Right,EBR,0
481,480,486, ,Left,EBL,0
481,480,482, ,Through,EBT,0
482,476,487, ,Through,NBT,0
482,476,483, ,Right,NBR,0
482,476,481, ,Left,NBL,0
482,487,476, ,Through,SBT,0
482,487,483, ,Left,SBL,0
482,487,481, ,Right,SBR,0
482,483,476, ,Left,WBL,0
482,483,487, ,Right,WBR,0
482,483,481, ,Through,WBT,0
482,481,476, ,Right,EBR,0
482,481,487, ,Left,EBL,0
482,481,483, ,Through,EBT,0
483,477,488, ,Through,NBT,0
483,477,484, ,Right,NBR,0
483,477,482, ,Left,NBL,0
483,488,477, ,Through,SBT,0
483,488,484, ,Left,SBL,0
483,488,482, ,Right,SBR,0
483,484,477, ,Left,WBL,0
483,484,488, ,Right,WBR,0
483,484,482, ,Through,WBT,0
483,482,477, ,Right,EBR,0
483,482,488, ,Left,EBL,0
483,482,484, ,Through,EBT,0
484,489,478, ,Through,SBT,0
484,489,485, ,Left,SBL,0
484,489,483, ,Right,SBR,0
484,485,478, ,Left,WBL,0
484,485,483, ,Through,WBT,0
484,483,478, ,Right,EBR,0
484,483,485, ,Through,EBT,0
485,479,490, ,Through,NBT,0
485,479,484, ,Left,NBL,0
485,484,490, ,Left,EBL,0
486,480,491, ,Through,NBT,0
486,480,481, ,Right,NBR,0
486,480,501, ,Left,NBL,0
486,480,487, ,Right,NBR,0
486,491,480, ,Through,SWT,0
486,491,481, ,Through,SWT,0
486,491,501, ,Right,SWR,0
486,491,487, ,Left,SWL,0
486,481,480, ,Left,NBL,0
486,481,491, ,Through,NBT,0
486,481,501, ,Left,NBL,0
486,481,487, ,Right,NBR,0
486,501,480, ,Right,SER,0
486,501,491, ,Left,SEL,0
486,501,481, ,Right,SER,0
486,501,487, ,Through,SET,0
486,487,480, ,Left,WBL,0
486,487,491, ,Right,WBR,0
486,487,481, ,Left,WBL,0
486,487,501, ,Through,WBT,0
487,482,492, ,Through,NBT,0
487,482,486, ,Left,NBL,0
487,482,488, ,Right,NBR,0
487,492,482, ,Through,SBT,0
487,492,486, ,Right,SBR,0
487,492,488, ,Left,SBL,0
487,486,482, ,Right,EBR,0
487,486,492, ,Left,EBL,0
487,486,488, ,Through,EBT,0
487,488,482, ,Left,WBL,0
487,488,492, ,Right,WBR,0
487,488,486, ,Through,WBT,0
488,483,493, ,Through,NBT,0
488,483,487, ,Left,NBL,0
488,483,489, ,Right,NBR,0
488,493,483, ,Through,SBT,0
488,493,487, ,Right,SBR,0
488,493,489, ,Left,SBL,0
488,487,483, ,Right,EBR,0
488,487,493, ,Left,EBL,0
488,487,489, ,Through,EBT,0
488,489,483, ,Left,WBL,0
488,489,493, ,Right,WBR,0
488,489,487, ,Through,WBT,0
489,494,484, ,Through,SBT,0
489,494,488, ,Right,SBR,0
489,494,490, ,Left,SBL,0
489,488,484, ,Right,EBR,0
489,488,490, ,Through,EBT,0
489,490,484, ,Left,WBL,0
489,490,488, ,Through,WBT,0
490,485,495, ,Through,NBT,0
490,485,489, ,Left,NBL,0
490,489,495, ,Left,EBL,0
491,486,496, ,Through,NBT,0
491,486,492, ,Right,NBR,0
491,486,502, ,Left,NBL,0
491,496,486, ,Through,SBT,0
491,496,492, ,Left,SBL,0
491,496,502, ,Right,SBR,0
491,492,486, ,Left,WBL,0
491,492,496, ,Right,WBR,0
491,492,502, ,Through,WBT,0
491,502,486, ,Right,SER,0
491,502,496, ,Left,SEL,0
491,502,492, ,Through,SET,0
492,487,496, ,Through,NBT,0
492,487,493, ,Right,NBR,0
492,487,491, ,Left,NBL,0
492,496,487, ,Through,SBT,0
492,496,493, ,Left,SBL,0
492,496,491, ,Right,SBR,0
492,493,487, ,Left,WBL,0
492,493,496, ,Right,WBR,0
492,493,491, ,Through,WBT,0
492,491,487, ,Right,EBR,0
492,491,496, ,Left,EBL,0
492,491,493, ,Through,EBT,0
493,488,497, ,Through,NBT,0
493,488,494, ,Right,NBR,0
493,488,492, ,Left,NBL,0
493,497,488, ,Through,SBT,0
493,497,494, ,Left,SBL,0
493,497,492, ,Right,SBR,0
493,494,488, ,Left,WBL,0
493,494,497, ,Right,WBR,0
493,494,492, ,Through,WBT,0
493,492,488, ,Right,EBR,0
493,492,497, ,Left,EBL,0
493,492,494, ,Through,EBT,0
494,54,489, ,Through,SBT,0
494,54,495, ,Left,SBL,0
494,54,493, ,Right,SBR,0
494,495,489, ,Left,WBL,0
494,495,493, ,Through,WBT,0
494,493,489, ,Right,EBR,0
494,493,495, ,Through,EBT,0
495,490,55, ,Through,NBT,0
495,490,494, ,Left,NBL,0
495,494,55, ,Left,EBL,0
496,497,503, ,Through,WBT,0
496,497,491, ,Left,WBL,0
496,497,492, ,Left,WBL,0
496,503,497, ,Through,SET,0
496,503,491, ,Right,SER,0
496,503,492, ,Right,SER,0
496,491,497, ,Right,NBR,0
496,491,503, ,Left,NBL,0
496,491,492, ,Right,NBR,0
496,492,497, ,Right,NBR,0
496,492,503, ,Left,NBL,0
496,492,491, ,Left,NBL,0
497,498,496, ,Through,WBT,0
497,498,493, ,Left,WBL,0
497,496,498, ,Through,EBT,0
497,496,493, ,Right,EBR,0
497,493,498, ,Right,NBR,0
497,493,496, ,Left,NBL,0
500,473,501, ,Through,NBT,0
500,473,480, ,Right,NBR,0
500,501,473, ,Through,SBT,0
500,501,480, ,Left,SBL,0
500,480,473, ,Left,WBL,0
500,480,501, ,Right,WBR,0
501,500,502, ,Through,NBT,0
501,500,486, ,Right,NBR,0
501,502,500, ,Through,SBT,0
501,502,486, ,Left,SBL,0
501,486,500, ,Left,WBL,0
501,486,502, ,Right,WBR,0
502,501,503, ,Through,NBT,0
502,501,491, ,Right,NBR,0
502,503,501, ,Through,SBT,0
502,503,491, ,Left,SBL,0
502,491,501, ,Left,WBL,0
502,491,503, ,Right,WBR,0
503,502,58, ,Through,NBT,0
503,502,496, ,Right,NBR,0
503,58,502, ,Through,SBT,0
503,58,496, ,Left,SBL,0
503,496,502, ,Left,WBL,0
503,496,58, ,Right,WBR,0
