zone_id,total_production_capacity,total_production,avg_production_distance,total_attraction_capacity,total_attraction,avg_attraction_distance,geometry
1,11000.000000,0,0.000000,11000.000000,0,0.000000,"<Polygon><outerBoundaryIs><LinearRing><coordinates>"</coordinates></LinearRing></outerBoundaryIs></Polygon>"
2,6000.000000,0,0.000000,6000.000000,0,0.000000,"<Polygon><outerBoundaryIs><LinearRing><coordinates>"</coordinates></LinearRing></outerBoundaryIs></Polygon>"
3,0.000000,0,0.000000,0.000000,0,0.000000,"<Polygon><outerBoundaryIs><LinearRing><coordinates>"</coordinates></LinearRing></outerBoundaryIs></Polygon>"
4,0.000000,0,0.000000,0.000000,0,0.000000,"<Polygon><outerBoundaryIs><LinearRing><coordinates>"</coordinates></LinearRing></outerBoundaryIs></Polygon>"
5,0.000000,0,0.000000,0.000000,0,0.000000,"<Polygon><outerBoundaryIs><LinearRing><coordinates>"</coordinates></LinearRing></outerBoundaryIs></Polygon>"
6,0.000000,0,0.000000,0.000000,0,0.000000,"<Polygon><outerBoundaryIs><LinearRing><coordinates>"</coordinates></LinearRing></outerBoundaryIs></Polygon>"
7,0.000000,0,0.000000,0.000000,0,0.000000,"<Polygon><outerBoundaryIs><LinearRing><coordinates>"</coordinates></LinearRing></outerBoundaryIs></Polygon>"
8,0.000000,0,0.000000,0.000000,0,0.000000,"<Polygon><outerBoundaryIs><LinearRing><coordinates>"</coordinates></LinearRing></outerBoundaryIs></Polygon>"
9,0.000000,0,0.000000,0.000000,0,0.000000,"<Polygon><outerBoundaryIs><LinearRing><coordinates>"</coordinates></LinearRing></outerBoundaryIs></Polygon>"
10,0.000000,0,0.000000,0.000000,0,0.000000,"<Polygon><outerBoundaryIs><LinearRing><coordinates>"</coordinates></LinearRing></outerBoundaryIs></Polygon>"
11,0.000000,0,0.000000,0.000000,0,0.000000,"<Polygon><outerBoundaryIs><LinearRing><coordinates>"</coordinates></LinearRing></outerBoundaryIs></Polygon>"
12,0.000000,0,0.000000,0.000000,0,0.000000,"<Polygon><outerBoundaryIs><LinearRing><coordinates>"</coordinates></LinearRing></outerBoundaryIs></Polygon>"
13,0.000000,0,0.000000,0.000000,0,0.000000,"<Polygon><outerBoundaryIs><LinearRing><coordinates>"</coordinates></LinearRing></outerBoundaryIs></Polygon>"
14,0.000000,0,0.000000,0.000000,0,0.000000,"<Polygon><outerBoundaryIs><LinearRing><coordinates>"</coordinates></LinearRing></outerBoundaryIs></Polygon>"
15,0.000000,0,0.000000,0.000000,0,0.000000,"<Polygon><outerBoundaryIs><LinearRing><coordinates>"</coordinates></LinearRing></outerBoundaryIs></Polygon>"
16,0.000000,1,3.960773,0.000000,0,0.000000,"<Polygon><outerBoundaryIs><LinearRing><coordinates>"</coordinates></LinearRing></outerBoundaryIs></Polygon>"
17,6000.000000,0,0.000000,6000.000000,0,0.000000,"<Polygon><outerBoundaryIs><LinearRing><coordinates>"</coordinates></LinearRing></outerBoundaryIs></Polygon>"
18,8000.000000,0,0.000000,8000.000000,0,0.000000,"<Polygon><outerBoundaryIs><LinearRing><coordinates>"</coordinates></LinearRing></outerBoundaryIs></Polygon>"
19,14000.000000,0,0.000000,14000.000000,0,0.000000,"<Polygon><outerBoundaryIs><LinearRing><coordinates>"</coordinates></LinearRing></outerBoundaryIs></Polygon>"
20,8000.000000,0,0.000000,8000.000000,0,0.000000,"<Polygon><outerBoundaryIs><LinearRing><coordinates>"</coordinates></LinearRing></outerBoundaryIs></Polygon>"
21,7000.000000,0,0.000000,7000.000000,0,0.000000,"<Polygon><outerBoundaryIs><LinearRing><coordinates>"</coordinates></LinearRing></outerBoundaryIs></Polygon>"
22,7000.000000,0,0.000000,7000.000000,0,0.000000,"<Polygon><outerBoundaryIs><LinearRing><coordinates>"</coordinates></LinearRing></outerBoundaryIs></Polygon>"
23,0.000000,0,0.000000,0.000000,0,0.000000,"<Polygon><outerBoundaryIs><LinearRing><coordinates>"</coordinates></LinearRing></outerBoundaryIs></Polygon>"
24,3000.000000,0,0.000000,3000.000000,0,0.000000,"<Polygon><outerBoundaryIs><LinearRing><coordinates>"</coordinates></LinearRing></outerBoundaryIs></Polygon>"
25,10000.000000,0,0.000000,10000.000000,0,0.000000,"<Polygon><outerBoundaryIs><LinearRing><coordinates>"</coordinates></LinearRing></outerBoundaryIs></Polygon>"
26,17600.000000,0,0.000000,17600.000000,0,0.000000,"<Polygon><outerBoundaryIs><LinearRing><coordinates>"</coordinates></LinearRing></outerBoundaryIs></Polygon>"
27,9000.000000,0,0.000000,9000.000000,0,0.000000,"<Polygon><outerBoundaryIs><LinearRing><coordinates>"</coordinates></LinearRing></outerBoundaryIs></Polygon>"
28,0.000000,0,0.000000,0.000000,0,0.000000,"<Polygon><outerBoundaryIs><LinearRing><coordinates>"</coordinates></LinearRing></outerBoundaryIs></Polygon>"
29,0.000000,0,0.000000,0.000000,0,0.000000,"<Polygon><outerBoundaryIs><LinearRing><coordinates>"</coordinates></LinearRing></outerBoundaryIs></Polygon>"
30,0.000000,0,0.000000,0.000000,0,0.000000,"<Polygon><outerBoundaryIs><LinearRing><coordinates>"</coordinates></LinearRing></outerBoundaryIs></Polygon>"
31,0.000000,0,0.000000,0.000000,0,0.000000,"<Polygon><outerBoundaryIs><LinearRing><coordinates>"</coordinates></LinearRing></outerBoundaryIs></Polygon>"
34,10000.000000,0,0.000000,10000.000000,0,0.000000,"<Polygon><outerBoundaryIs><LinearRing><coordinates>"</coordinates></LinearRing></outerBoundaryIs></Polygon>"
36,8000.000000,0,0.000000,8000.000000,0,0.000000,"<Polygon><outerBoundaryIs><LinearRing><coordinates>"</coordinates></LinearRing></outerBoundaryIs></Polygon>"
37,13000.000000,0,0.000000,13000.000000,0,0.000000,"<Polygon><outerBoundaryIs><LinearRing><coordinates>"</coordinates></LinearRing></outerBoundaryIs></Polygon>"
38,7000.000000,0,0.000000,7000.000000,0,0.000000,"<Polygon><outerBoundaryIs><LinearRing><coordinates>"</coordinates></LinearRing></outerBoundaryIs></Polygon>"
39,0.000000,0,0.000000,0.000000,0,0.000000,"<Polygon><outerBoundaryIs><LinearRing><coordinates>"</coordinates></LinearRing></outerBoundaryIs></Polygon>"
40,0.000000,0,0.000000,0.000000,0,0.000000,"<Polygon><outerBoundaryIs><LinearRing><coordinates>"</coordinates></LinearRing></outerBoundaryIs></Polygon>"
41,13000.000000,0,0.000000,13000.000000,0,0.000000,"<Polygon><outerBoundaryIs><LinearRing><coordinates>"</coordinates></LinearRing></outerBoundaryIs></Polygon>"
42,7000.000000,0,0.000000,6000.000000,0,0.000000,"<Polygon><outerBoundaryIs><LinearRing><coordinates>"</coordinates></LinearRing></outerBoundaryIs></Polygon>"
43,9000.000000,0,0.000000,9000.000000,0,0.000000,"<Polygon><outerBoundaryIs><LinearRing><coordinates>"</coordinates></LinearRing></outerBoundaryIs></Polygon>"
44,0.000000,0,0.000000,0.000000,0,0.000000,"<Polygon><outerBoundaryIs><LinearRing><coordinates>"</coordinates></LinearRing></outerBoundaryIs></Polygon>"
45,0.000000,0,0.000000,0.000000,0,0.000000,"<Polygon><outerBoundaryIs><LinearRing><coordinates>"</coordinates></LinearRing></outerBoundaryIs></Polygon>"
54,0.000000,0,0.000000,0.000000,0,0.000000,"<Polygon><outerBoundaryIs><LinearRing><coordinates>"</coordinates></LinearRing></outerBoundaryIs></Polygon>"
55,0.000000,0,0.000000,0.000000,0,0.000000,"<Polygon><outerBoundaryIs><LinearRing><coordinates>"</coordinates></LinearRing></outerBoundaryIs></Polygon>"
56,0.000000,0,0.000000,0.000000,0,0.000000,"<Polygon><outerBoundaryIs><LinearRing><coordinates>"</coordinates></LinearRing></outerBoundaryIs></Polygon>"
57,0.000000,0,0.000000,0.000000,0,0.000000,"<Polygon><outerBoundaryIs><LinearRing><coordinates>"</coordinates></LinearRing></outerBoundaryIs></Polygon>"
58,0.000000,0,0.000000,0.000000,0,0.000000,"<Polygon><outerBoundaryIs><LinearRing><coordinates>"</coordinates></LinearRing></outerBoundaryIs></Polygon>"
59,2000.000000,0,0.000000,2000.000000,0,0.000000,"<Polygon><outerBoundaryIs><LinearRing><coordinates>"</coordinates></LinearRing></outerBoundaryIs></Polygon>"
60,0.000000,0,0.000000,0.000000,0,0.000000,"<Polygon><outerBoundaryIs><LinearRing><coordinates>"</coordinates></LinearRing></outerBoundaryIs></Polygon>"
61,0.000000,0,0.000000,0.000000,0,0.000000,"<Polygon><outerBoundaryIs><LinearRing><coordinates>"</coordinates></LinearRing></outerBoundaryIs></Polygon>"
62,0.000000,0,0.000000,0.000000,0,0.000000,"<Polygon><outerBoundaryIs><LinearRing><coordinates>"</coordinates></LinearRing></outerBoundaryIs></Polygon>"
63,0.000000,0,0.000000,0.000000,0,0.000000,"<Polygon><outerBoundaryIs><LinearRing><coordinates>"</coordinates></LinearRing></outerBoundaryIs></Polygon>"
64,0.000000,0,0.000000,0.000000,0,0.000000,"<Polygon><outerBoundaryIs><LinearRing><coordinates>"</coordinates></LinearRing></outerBoundaryIs></Polygon>"
65,0.000000,0,0.000000,0.000000,0,0.000000,"<Polygon><outerBoundaryIs><LinearRing><coordinates>"</coordinates></LinearRing></outerBoundaryIs></Polygon>"
66,0.000000,0,0.000000,0.000000,0,0.000000,"<Polygon><outerBoundaryIs><LinearRing><coordinates>"</coordinates></LinearRing></outerBoundaryIs></Polygon>"
67,0.000000,0,0.000000,0.000000,0,0.000000,"<Polygon><outerBoundaryIs><LinearRing><coordinates>"</coordinates></LinearRing></outerBoundaryIs></Polygon>"
68,0.000000,0,0.000000,0.000000,0,0.000000,"<Polygon><outerBoundaryIs><LinearRing><coordinates>"</coordinates></LinearRing></outerBoundaryIs></Polygon>"
69,0.000000,0,0.000000,0.000000,0,0.000000,"<Polygon><outerBoundaryIs><LinearRing><coordinates>"</coordinates></LinearRing></outerBoundaryIs></Polygon>"
70,0.000000,0,0.000000,0.000000,0,0.000000,"<Polygon><outerBoundaryIs><LinearRing><coordinates>"</coordinates></LinearRing></outerBoundaryIs></Polygon>"
71,0.000000,0,0.000000,0.000000,0,0.000000,"<Polygon><outerBoundaryIs><LinearRing><coordinates>"</coordinates></LinearRing></outerBoundaryIs></Polygon>"
72,0.000000,0,0.000000,0.000000,0,0.000000,"<Polygon><outerBoundaryIs><LinearRing><coordinates>"</coordinates></LinearRing></outerBoundaryIs></Polygon>"
73,0.000000,0,0.000000,0.000000,0,0.000000,"<Polygon><outerBoundaryIs><LinearRing><coordinates>"</coordinates></LinearRing></outerBoundaryIs></Polygon>"
74,0.000000,0,0.000000,0.000000,0,0.000000,"<Polygon><outerBoundaryIs><LinearRing><coordinates>"</coordinates></LinearRing></outerBoundaryIs></Polygon>"
75,0.000000,0,0.000000,0.000000,0,0.000000,"<Polygon><outerBoundaryIs><LinearRing><coordinates>"</coordinates></LinearRing></outerBoundaryIs></Polygon>"
76,0.000000,0,0.000000,0.000000,0,0.000000,"<Polygon><outerBoundaryIs><LinearRing><coordinates>"</coordinates></LinearRing></outerBoundaryIs></Polygon>"
77,0.000000,0,0.000000,0.000000,0,0.000000,"<Polygon><outerBoundaryIs><LinearRing><coordinates>"</coordinates></LinearRing></outerBoundaryIs></Polygon>"
78,0.000000,0,0.000000,0.000000,0,0.000000,"<Polygon><outerBoundaryIs><LinearRing><coordinates>"</coordinates></LinearRing></outerBoundaryIs></Polygon>"
79,0.000000,0,0.000000,0.000000,0,0.000000,"<Polygon><outerBoundaryIs><LinearRing><coordinates>"</coordinates></LinearRing></outerBoundaryIs></Polygon>"
80,0.000000,0,0.000000,0.000000,0,0.000000,"<Polygon><outerBoundaryIs><LinearRing><coordinates>"</coordinates></LinearRing></outerBoundaryIs></Polygon>"
81,0.000000,0,0.000000,0.000000,0,0.000000,"<Polygon><outerBoundaryIs><LinearRing><coordinates>"</coordinates></LinearRing></outerBoundaryIs></Polygon>"
82,0.000000,0,0.000000,0.000000,0,0.000000,"<Polygon><outerBoundaryIs><LinearRing><coordinates>"</coordinates></LinearRing></outerBoundaryIs></Polygon>"
83,0.000000,0,0.000000,0.000000,0,0.000000,"<Polygon><outerBoundaryIs><LinearRing><coordinates>"</coordinates></LinearRing></outerBoundaryIs></Polygon>"
84,0.000000,0,0.000000,0.000000,0,0.000000,"<Polygon><outerBoundaryIs><LinearRing><coordinates>"</coordinates></LinearRing></outerBoundaryIs></Polygon>"
85,0.000000,0,0.000000,0.000000,0,0.000000,"<Polygon><outerBoundaryIs><LinearRing><coordinates>"</coordinates></LinearRing></outerBoundaryIs></Polygon>"
86,0.000000,0,0.000000,0.000000,0,0.000000,"<Polygon><outerBoundaryIs><LinearRing><coordinates>"</coordinates></LinearRing></outerBoundaryIs></Polygon>"
87,0.000000,0,0.000000,0.000000,0,0.000000,"<Polygon><outerBoundaryIs><LinearRing><coordinates>"</coordinates></LinearRing></outerBoundaryIs></Polygon>"
88,2000.000000,0,0.000000,2000.000000,0,0.000000,"<Polygon><outerBoundaryIs><LinearRing><coordinates>"</coordinates></LinearRing></outerBoundaryIs></Polygon>"
89,0.000000,0,0.000000,0.000000,0,0.000000,"<Polygon><outerBoundaryIs><LinearRing><coordinates>"</coordinates></LinearRing></outerBoundaryIs></Polygon>"
90,0.000000,0,0.000000,0.000000,0,0.000000,"<Polygon><outerBoundaryIs><LinearRing><coordinates>"</coordinates></LinearRing></outerBoundaryIs></Polygon>"
91,0.000000,0,0.000000,0.000000,0,0.000000,"<Polygon><outerBoundaryIs><LinearRing><coordinates>"</coordinates></LinearRing></outerBoundaryIs></Polygon>"
92,0.000000,0,0.000000,0.000000,0,0.000000,"<Polygon><outerBoundaryIs><LinearRing><coordinates>"</coordinates></LinearRing></outerBoundaryIs></Polygon>"
93,0.000000,0,0.000000,0.000000,0,0.000000,"<Polygon><outerBoundaryIs><LinearRing><coordinates>"</coordinates></LinearRing></outerBoundaryIs></Polygon>"
94,2000.000000,0,0.000000,2000.000000,1,3.960773,"<Polygon><outerBoundaryIs><LinearRing><coordinates>"</coordinates></LinearRing></outerBoundaryIs></Polygon>"
95,0.000000,0,0.000000,0.000000,0,0.000000,"<Polygon><outerBoundaryIs><LinearRing><coordinates>"</coordinates></LinearRing></outerBoundaryIs></Polygon>"
96,0.000000,0,0.000000,0.000000,0,0.000000,"<Polygon><outerBoundaryIs><LinearRing><coordinates>"</coordinates></LinearRing></outerBoundaryIs></Polygon>"
97,0.000000,0,0.000000,0.000000,0,0.000000,"<Polygon><outerBoundaryIs><LinearRing><coordinates>"</coordinates></LinearRing></outerBoundaryIs></Polygon>"
98,0.000000,0,0.000000,0.000000,0,0.000000,"<Polygon><outerBoundaryIs><LinearRing><coordinates>"</coordinates></LinearRing></outerBoundaryIs></Polygon>"
99,0.000000,0,0.000000,0.000000,0,0.000000,"<Polygon><outerBoundaryIs><LinearRing><coordinates>"</coordinates></LinearRing></outerBoundaryIs></Polygon>"
100,0.000000,0,0.000000,0.000000,0,0.000000,"<Polygon><outerBoundaryIs><LinearRing><coordinates>"</coordinates></LinearRing></outerBoundaryIs></Polygon>"
101,0.000000,0,0.000000,0.000000,0,0.000000,"<Polygon><outerBoundaryIs><LinearRing><coordinates>"</coordinates></LinearRing></outerBoundaryIs></Polygon>"
102,0.000000,0,0.000000,0.000000,0,0.000000,"<Polygon><outerBoundaryIs><LinearRing><coordinates>"</coordinates></LinearRing></outerBoundaryIs></Polygon>"
103,0.000000,0,0.000000,0.000000,0,0.000000,"<Polygon><outerBoundaryIs><LinearRing><coordinates>"</coordinates></LinearRing></outerBoundaryIs></Polygon>"
104,0.000000,0,0.000000,0.000000,0,0.000000,"<Polygon><outerBoundaryIs><LinearRing><coordinates>"</coordinates></LinearRing></outerBoundaryIs></Polygon>"
105,4000.000000,0,0.000000,7000.000000,0,0.000000,"<Polygon><outerBoundaryIs><LinearRing><coordinates>"</coordinates></LinearRing></outerBoundaryIs></Polygon>"
106,7000.000000,0,0.000000,4000.000000,0,0.000000,"<Polygon><outerBoundaryIs><LinearRing><coordinates>"</coordinates></LinearRing></outerBoundaryIs></Polygon>"
107,4000.000000,0,0.000000,7000.000000,0,0.000000,"<Polygon><outerBoundaryIs><LinearRing><coordinates>"</coordinates></LinearRing></outerBoundaryIs></Polygon>"
108,7000.000000,0,0.000000,4000.000000,0,0.000000,"<Polygon><outerBoundaryIs><LinearRing><coordinates>"</coordinates></LinearRing></outerBoundaryIs></Polygon>"
109,4000.000000,0,0.000000,7000.000000,0,0.000000,"<Polygon><outerBoundaryIs><LinearRing><coordinates>"</coordinates></LinearRing></outerBoundaryIs></Polygon>"
110,7000.000000,0,0.000000,4000.000000,0,0.000000,"<Polygon><outerBoundaryIs><LinearRing><coordinates>"</coordinates></LinearRing></outerBoundaryIs></Polygon>"
111,4000.000000,0,0.000000,7000.000000,0,0.000000,"<Polygon><outerBoundaryIs><LinearRing><coordinates>"</coordinates></LinearRing></outerBoundaryIs></Polygon>"
112,7000.000000,0,0.000000,4000.000000,0,0.000000,"<Polygon><outerBoundaryIs><LinearRing><coordinates>"</coordinates></LinearRing></outerBoundaryIs></Polygon>"
113,9000.000000,0,0.000000,6000.000000,0,0.000000,"<Polygon><outerBoundaryIs><LinearRing><coordinates>"</coordinates></LinearRing></outerBoundaryIs></Polygon>"
114,12000.000000,0,0.000000,12000.000000,0,0.000000,"<Polygon><outerBoundaryIs><LinearRing><coordinates>"</coordinates></LinearRing></outerBoundaryIs></Polygon>"
115,6000.000000,0,0.000000,6000.000000,0,0.000000,"<Polygon><outerBoundaryIs><LinearRing><coordinates>"</coordinates></LinearRing></outerBoundaryIs></Polygon>"
116,6000.000000,0,0.000000,6000.000000,0,0.000000,"<Polygon><outerBoundaryIs><LinearRing><coordinates>"</coordinates></LinearRing></outerBoundaryIs></Polygon>"
117,6000.000000,0,0.000000,6000.000000,0,0.000000,"<Polygon><outerBoundaryIs><LinearRing><coordinates>"</coordinates></LinearRing></outerBoundaryIs></Polygon>"
118,7000.000000,0,0.000000,7000.000000,0,0.000000,"<Polygon><outerBoundaryIs><LinearRing><coordinates>"</coordinates></LinearRing></outerBoundaryIs></Polygon>"
119,6000.000000,0,0.000000,6000.000000,0,0.000000,"<Polygon><outerBoundaryIs><LinearRing><coordinates>"</coordinates></LinearRing></outerBoundaryIs></Polygon>"
120,6000.000000,0,0.000000,6000.000000,0,0.000000,"<Polygon><outerBoundaryIs><LinearRing><coordinates>"</coordinates></LinearRing></outerBoundaryIs></Polygon>"
121,6000.000000,0,0.000000,6000.000000,0,0.000000,"<Polygon><outerBoundaryIs><LinearRing><coordinates>"</coordinates></LinearRing></outerBoundaryIs></Polygon>"
122,6000.000000,0,0.000000,6000.000000,0,0.000000,"<Polygon><outerBoundaryIs><LinearRing><coordinates>"</coordinates></LinearRing></outerBoundaryIs></Polygon>"
123,7000.000000,0,0.000000,7000.000000,0,0.000000,"<Polygon><outerBoundaryIs><LinearRing><coordinates>"</coordinates></LinearRing></outerBoundaryIs></Polygon>"
124,3000.000000,0,0.000000,6000.000000,0,0.000000,"<Polygon><outerBoundaryIs><LinearRing><coordinates>"</coordinates></LinearRing></outerBoundaryIs></Polygon>"
125,6000.000000,0,0.000000,3000.000000,0,0.000000,"<Polygon><outerBoundaryIs><LinearRing><coordinates>"</coordinates></LinearRing></outerBoundaryIs></Polygon>"
126,3000.000000,0,0.000000,6000.000000,0,0.000000,"<Polygon><outerBoundaryIs><LinearRing><coordinates>"</coordinates></LinearRing></outerBoundaryIs></Polygon>"
127,6000.000000,0,0.000000,3000.000000,0,0.000000,"<Polygon><outerBoundaryIs><LinearRing><coordinates>"</coordinates></LinearRing></outerBoundaryIs></Polygon>"
128,3000.000000,0,0.000000,6000.000000,0,0.000000,"<Polygon><outerBoundaryIs><LinearRing><coordinates>"</coordinates></LinearRing></outerBoundaryIs></Polygon>"
129,6000.000000,0,0.000000,3000.000000,0,0.000000,"<Polygon><outerBoundaryIs><LinearRing><coordinates>"</coordinates></LinearRing></outerBoundaryIs></Polygon>"
130,3000.000000,0,0.000000,6000.000000,0,0.000000,"<Polygon><outerBoundaryIs><LinearRing><coordinates>"</coordinates></LinearRing></outerBoundaryIs></Polygon>"
131,6000.000000,0,0.000000,3000.000000,0,0.000000,"<Polygon><outerBoundaryIs><LinearRing><coordinates>"</coordinates></LinearRing></outerBoundaryIs></Polygon>"
132,6000.000000,0,0.000000,6000.000000,0,0.000000,"<Polygon><outerBoundaryIs><LinearRing><coordinates>"</coordinates></LinearRing></outerBoundaryIs></Polygon>"
133,0.000000,0,0.000000,0.000000,0,0.000000,"<Polygon><outerBoundaryIs><LinearRing><coordinates>"</coordinates></LinearRing></outerBoundaryIs></Polygon>"
134,6000.000000,0,0.000000,9000.000000,0,0.000000,"<Polygon><outerBoundaryIs><LinearRing><coordinates>"</coordinates></LinearRing></outerBoundaryIs></Polygon>"
135,6000.000000,0,0.000000,6000.000000,0,0.000000,"<Polygon><outerBoundaryIs><LinearRing><coordinates>"</coordinates></LinearRing></outerBoundaryIs></Polygon>"
136,12000.000000,0,0.000000,12000.000000,0,0.000000,"<Polygon><outerBoundaryIs><LinearRing><coordinates>"</coordinates></LinearRing></outerBoundaryIs></Polygon>"
137,6000.000000,0,0.000000,6000.000000,0,0.000000,"<Polygon><outerBoundaryIs><LinearRing><coordinates>"</coordinates></LinearRing></outerBoundaryIs></Polygon>"
138,6000.000000,0,0.000000,6000.000000,0,0.000000,"<Polygon><outerBoundaryIs><LinearRing><coordinates>"</coordinates></LinearRing></outerBoundaryIs></Polygon>"
139,7000.000000,0,0.000000,7000.000000,0,0.000000,"<Polygon><outerBoundaryIs><LinearRing><coordinates>"</coordinates></LinearRing></outerBoundaryIs></Polygon>"
140,6000.000000,0,0.000000,6000.000000,0,0.000000,"<Polygon><outerBoundaryIs><LinearRing><coordinates>"</coordinates></LinearRing></outerBoundaryIs></Polygon>"
141,6000.000000,0,0.000000,6000.000000,0,0.000000,"<Polygon><outerBoundaryIs><LinearRing><coordinates>"</coordinates></LinearRing></outerBoundaryIs></Polygon>"
142,6000.000000,0,0.000000,6000.000000,0,0.000000,"<Polygon><outerBoundaryIs><LinearRing><coordinates>"</coordinates></LinearRing></outerBoundaryIs></Polygon>"
143,6000.000000,0,0.000000,6000.000000,0,0.000000,"<Polygon><outerBoundaryIs><LinearRing><coordinates>"</coordinates></LinearRing></outerBoundaryIs></Polygon>"
144,7000.000000,0,0.000000,7000.000000,0,0.000000,"<Polygon><outerBoundaryIs><LinearRing><coordinates>"</coordinates></LinearRing></outerBoundaryIs></Polygon>"
145,6000.000000,0,0.000000,6000.000000,0,0.000000,"<Polygon><outerBoundaryIs><LinearRing><coordinates>"</coordinates></LinearRing></outerBoundaryIs></Polygon>"
146,6000.000000,0,0.000000,6000.000000,0,0.000000,"<Polygon><outerBoundaryIs><LinearRing><coordinates>"</coordinates></LinearRing></outerBoundaryIs></Polygon>"
147,6000.000000,0,0.000000,6000.000000,0,0.000000,"<Polygon><outerBoundaryIs><LinearRing><coordinates>"</coordinates></LinearRing></outerBoundaryIs></Polygon>"
148,6000.000000,0,0.000000,6000.000000,0,0.000000,"<Polygon><outerBoundaryIs><LinearRing><coordinates>"</coordinates></LinearRing></outerBoundaryIs></Polygon>"
149,6000.000000,0,0.000000,6000.000000,0,0.000000,"<Polygon><outerBoundaryIs><LinearRing><coordinates>"</coordinates></LinearRing></outerBoundaryIs></Polygon>"
150,6000.000000,0,0.000000,6000.000000,0,0.000000,"<Polygon><outerBoundaryIs><LinearRing><coordinates>"</coordinates></LinearRing></outerBoundaryIs></Polygon>"
151,6000.000000,0,0.000000,6000.000000,0,0.000000,"<Polygon><outerBoundaryIs><LinearRing><coordinates>"</coordinates></LinearRing></outerBoundaryIs></Polygon>"
152,6000.000000,0,0.000000,6000.000000,0,0.000000,"<Polygon><outerBoundaryIs><LinearRing><coordinates>"</coordinates></LinearRing></outerBoundaryIs></Polygon>"
153,6000.000000,0,0.000000,6000.000000,0,0.000000,"<Polygon><outerBoundaryIs><LinearRing><coordinates>"</coordinates></LinearRing></outerBoundaryIs></Polygon>"
154,0.000000,0,0.000000,0.000000,0,0.000000,"<Polygon><outerBoundaryIs><LinearRing><coordinates>"</coordinates></LinearRing></outerBoundaryIs></Polygon>"
155,9000.000000,0,0.000000,6000.000000,0,0.000000,"<Polygon><outerBoundaryIs><LinearRing><coordinates>"</coordinates></LinearRing></outerBoundaryIs></Polygon>"
156,6000.000000,0,0.000000,6000.000000,0,0.000000,"<Polygon><outerBoundaryIs><LinearRing><coordinates>"</coordinates></LinearRing></outerBoundaryIs></Polygon>"
157,6000.000000,0,0.000000,6000.000000,0,0.000000,"<Polygon><outerBoundaryIs><LinearRing><coordinates>"</coordinates></LinearRing></outerBoundaryIs></Polygon>"
158,12000.000000,0,0.000000,12000.000000,0,0.000000,"<Polygon><outerBoundaryIs><LinearRing><coordinates>"</coordinates></LinearRing></outerBoundaryIs></Polygon>"
159,6000.000000,0,0.000000,6000.000000,0,0.000000,"<Polygon><outerBoundaryIs><LinearRing><coordinates>"</coordinates></LinearRing></outerBoundaryIs></Polygon>"
160,7000.000000,0,0.000000,7000.000000,0,0.000000,"<Polygon><outerBoundaryIs><LinearRing><coordinates>"</coordinates></LinearRing></outerBoundaryIs></Polygon>"
161,6000.000000,0,0.000000,6000.000000,0,0.000000,"<Polygon><outerBoundaryIs><LinearRing><coordinates>"</coordinates></LinearRing></outerBoundaryIs></Polygon>"
162,6000.000000,0,0.000000,6000.000000,0,0.000000,"<Polygon><outerBoundaryIs><LinearRing><coordinates>"</coordinates></LinearRing></outerBoundaryIs></Polygon>"
163,6000.000000,0,0.000000,6000.000000,0,0.000000,"<Polygon><outerBoundaryIs><LinearRing><coordinates>"</coordinates></LinearRing></outerBoundaryIs></Polygon>"
164,6000.000000,0,0.000000,6000.000000,0,0.000000,"<Polygon><outerBoundaryIs><LinearRing><coordinates>"</coordinates></LinearRing></outerBoundaryIs></Polygon>"
165,7000.000000,0,0.000000,7000.000000,0,0.000000,"<Polygon><outerBoundaryIs><LinearRing><coordinates>"</coordinates></LinearRing></outerBoundaryIs></Polygon>"
166,6000.000000,0,0.000000,6000.000000,0,0.000000,"<Polygon><outerBoundaryIs><LinearRing><coordinates>"</coordinates></LinearRing></outerBoundaryIs></Polygon>"
167,6000.000000,0,0.000000,6000.000000,0,0.000000,"<Polygon><outerBoundaryIs><LinearRing><coordinates>"</coordinates></LinearRing></outerBoundaryIs></Polygon>"
168,6000.000000,0,0.000000,6000.000000,0,0.000000,"<Polygon><outerBoundaryIs><LinearRing><coordinates>"</coordinates></LinearRing></outerBoundaryIs></Polygon>"
169,6000.000000,0,0.000000,6000.000000,0,0.000000,"<Polygon><outerBoundaryIs><LinearRing><coordinates>"</coordinates></LinearRing></outerBoundaryIs></Polygon>"
170,6000.000000,0,0.000000,6000.000000,0,0.000000,"<Polygon><outerBoundaryIs><LinearRing><coordinates>"</coordinates></LinearRing></outerBoundaryIs></Polygon>"
171,6000.000000,0,0.000000,6000.000000,0,0.000000,"<Polygon><outerBoundaryIs><LinearRing><coordinates>"</coordinates></LinearRing></outerBoundaryIs></Polygon>"
172,6000.000000,0,0.000000,6000.000000,0,0.000000,"<Polygon><outerBoundaryIs><LinearRing><coordinates>"</coordinates></LinearRing></outerBoundaryIs></Polygon>"
173,6000.000000,0,0.000000,6000.000000,0,0.000000,"<Polygon><outerBoundaryIs><LinearRing><coordinates>"</coordinates></LinearRing></outerBoundaryIs></Polygon>"
174,6000.000000,0,0.000000,6000.000000,0,0.000000,"<Polygon><outerBoundaryIs><LinearRing><coordinates>"</coordinates></LinearRing></outerBoundaryIs></Polygon>"
175,0.000000,0,0.000000,0.000000,0,0.000000,"<Polygon><outerBoundaryIs><LinearRing><coordinates>"</coordinates></LinearRing></outerBoundaryIs></Polygon>"
176,6000.000000,0,0.000000,9000.000000,0,0.000000,"<Polygon><outerBoundaryIs><LinearRing><coordinates>"</coordinates></LinearRing></outerBoundaryIs></Polygon>"
177,6000.000000,0,0.000000,6000.000000,0,0.000000,"<Polygon><outerBoundaryIs><LinearRing><coordinates>"</coordinates></LinearRing></outerBoundaryIs></Polygon>"
178,6000.000000,0,0.000000,6000.000000,0,0.000000,"<Polygon><outerBoundaryIs><LinearRing><coordinates>"</coordinates></LinearRing></outerBoundaryIs></Polygon>"
179,6000.000000,0,0.000000,6000.000000,0,0.000000,"<Polygon><outerBoundaryIs><LinearRing><coordinates>"</coordinates></LinearRing></outerBoundaryIs></Polygon>"
180,12000.000000,0,0.000000,12000.000000,0,0.000000,"<Polygon><outerBoundaryIs><LinearRing><coordinates>"</coordinates></LinearRing></outerBoundaryIs></Polygon>"
181,7000.000000,0,0.000000,7000.000000,0,0.000000,"<Polygon><outerBoundaryIs><LinearRing><coordinates>"</coordinates></LinearRing></outerBoundaryIs></Polygon>"
182,6000.000000,0,0.000000,6000.000000,0,0.000000,"<Polygon><outerBoundaryIs><LinearRing><coordinates>"</coordinates></LinearRing></outerBoundaryIs></Polygon>"
183,6000.000000,0,0.000000,6000.000000,0,0.000000,"<Polygon><outerBoundaryIs><LinearRing><coordinates>"</coordinates></LinearRing></outerBoundaryIs></Polygon>"
184,6000.000000,0,0.000000,6000.000000,0,0.000000,"<Polygon><outerBoundaryIs><LinearRing><coordinates>"</coordinates></LinearRing></outerBoundaryIs></Polygon>"
185,6000.000000,0,0.000000,6000.000000,0,0.000000,"<Polygon><outerBoundaryIs><LinearRing><coordinates>"</coordinates></LinearRing></outerBoundaryIs></Polygon>"
186,7000.000000,0,0.000000,7000.000000,0,0.000000,"<Polygon><outerBoundaryIs><LinearRing><coordinates>"</coordinates></LinearRing></outerBoundaryIs></Polygon>"
187,6000.000000,0,0.000000,6000.000000,0,0.000000,"<Polygon><outerBoundaryIs><LinearRing><coordinates>"</coordinates></LinearRing></outerBoundaryIs></Polygon>"
188,6000.000000,0,0.000000,6000.000000,0,0.000000,"<Polygon><outerBoundaryIs><LinearRing><coordinates>"</coordinates></LinearRing></outerBoundaryIs></Polygon>"
189,6000.000000,0,0.000000,6000.000000,0,0.000000,"<Polygon><outerBoundaryIs><LinearRing><coordinates>"</coordinates></LinearRing></outerBoundaryIs></Polygon>"
190,6000.000000,0,0.000000,6000.000000,0,0.000000,"<Polygon><outerBoundaryIs><LinearRing><coordinates>"</coordinates></LinearRing></outerBoundaryIs></Polygon>"
191,6000.000000,0,0.000000,6000.000000,0,0.000000,"<Polygon><outerBoundaryIs><LinearRing><coordinates>"</coordinates></LinearRing></outerBoundaryIs></Polygon>"
192,6000.000000,0,0.000000,6000.000000,0,0.000000,"<Polygon><outerBoundaryIs><LinearRing><coordinates>"</coordinates></LinearRing></outerBoundaryIs></Polygon>"
193,6000.000000,0,0.000000,6000.000000,0,0.000000,"<Polygon><outerBoundaryIs><LinearRing><coordinates>"</coordinates></LinearRing></outerBoundaryIs></Polygon>"
194,6000.000000,0,0.000000,6000.000000,0,0.000000,"<Polygon><outerBoundaryIs><LinearRing><coordinates>"</coordinates></LinearRing></outerBoundaryIs></Polygon>"
195,6000.000000,0,0.000000,6000.000000,0,0.000000,"<Polygon><outerBoundaryIs><LinearRing><coordinates>"</coordinates></LinearRing></outerBoundaryIs></Polygon>"
196,0.000000,0,0.000000,0.000000,0,0.000000,"<Polygon><outerBoundaryIs><LinearRing><coordinates>"</coordinates></LinearRing></outerBoundaryIs></Polygon>"
197,7000.000000,0,0.000000,7000.000000,0,0.000000,"<Polygon><outerBoundaryIs><LinearRing><coordinates>"</coordinates></LinearRing></outerBoundaryIs></Polygon>"
198,7000.000000,0,0.000000,7000.000000,0,0.000000,"<Polygon><outerBoundaryIs><LinearRing><coordinates>"</coordinates></LinearRing></outerBoundaryIs></Polygon>"
199,7000.000000,0,0.000000,7000.000000,0,0.000000,"<Polygon><outerBoundaryIs><LinearRing><coordinates>"</coordinates></LinearRing></outerBoundaryIs></Polygon>"
200,7000.000000,0,0.000000,7000.000000,0,0.000000,"<Polygon><outerBoundaryIs><LinearRing><coordinates>"</coordinates></LinearRing></outerBoundaryIs></Polygon>"
201,7000.000000,0,0.000000,7000.000000,0,0.000000,"<Polygon><outerBoundaryIs><LinearRing><coordinates>"</coordinates></LinearRing></outerBoundaryIs></Polygon>"
202,7000.000000,0,0.000000,7000.000000,0,0.000000,"<Polygon><outerBoundaryIs><LinearRing><coordinates>"</coordinates></LinearRing></outerBoundaryIs></Polygon>"
203,7000.000000,0,0.000000,7000.000000,0,0.000000,"<Polygon><outerBoundaryIs><LinearRing><coordinates>"</coordinates></LinearRing></outerBoundaryIs></Polygon>"
204,7000.000000,0,0.000000,7000.000000,0,0.000000,"<Polygon><outerBoundaryIs><LinearRing><coordinates>"</coordinates></LinearRing></outerBoundaryIs></Polygon>"
205,7000.000000,0,0.000000,7000.000000,0,0.000000,"<Polygon><outerBoundaryIs><LinearRing><coordinates>"</coordinates></LinearRing></outerBoundaryIs></Polygon>"
206,7000.000000,0,0.000000,7000.000000,0,0.000000,"<Polygon><outerBoundaryIs><LinearRing><coordinates>"</coordinates></LinearRing></outerBoundaryIs></Polygon>"
207,7000.000000,0,0.000000,7000.000000,0,0.000000,"<Polygon><outerBoundaryIs><LinearRing><coordinates>"</coordinates></LinearRing></outerBoundaryIs></Polygon>"
208,7000.000000,0,0.000000,7000.000000,0,0.000000,"<Polygon><outerBoundaryIs><LinearRing><coordinates>"</coordinates></LinearRing></outerBoundaryIs></Polygon>"
209,7000.000000,0,0.000000,7000.000000,0,0.000000,"<Polygon><outerBoundaryIs><LinearRing><coordinates>"</coordinates></LinearRing></outerBoundaryIs></Polygon>"
210,7000.000000,0,0.000000,7000.000000,0,0.000000,"<Polygon><outerBoundaryIs><LinearRing><coordinates>"</coordinates></LinearRing></outerBoundaryIs></Polygon>"
211,7000.000000,0,0.000000,7000.000000,0,0.000000,"<Polygon><outerBoundaryIs><LinearRing><coordinates>"</coordinates></LinearRing></outerBoundaryIs></Polygon>"
212,0.000000,0,0.000000,0.000000,0,0.000000,"<Polygon><outerBoundaryIs><LinearRing><coordinates>"</coordinates></LinearRing></outerBoundaryIs></Polygon>"
213,9000.000000,0,0.000000,6000.000000,0,0.000000,"<Polygon><outerBoundaryIs><LinearRing><coordinates>"</coordinates></LinearRing></outerBoundaryIs></Polygon>"
214,6000.000000,0,0.000000,6000.000000,0,0.000000,"<Polygon><outerBoundaryIs><LinearRing><coordinates>"</coordinates></LinearRing></outerBoundaryIs></Polygon>"
215,6000.000000,0,0.000000,6000.000000,0,0.000000,"<Polygon><outerBoundaryIs><LinearRing><coordinates>"</coordinates></LinearRing></outerBoundaryIs></Polygon>"
216,6000.000000,0,0.000000,6000.000000,0,0.000000,"<Polygon><outerBoundaryIs><LinearRing><coordinates>"</coordinates></LinearRing></outerBoundaryIs></Polygon>"
217,6000.000000,0,0.000000,6000.000000,0,0.000000,"<Polygon><outerBoundaryIs><LinearRing><coordinates>"</coordinates></LinearRing></outerBoundaryIs></Polygon>"
218,7000.000000,0,0.000000,7000.000000,0,0.000000,"<Polygon><outerBoundaryIs><LinearRing><coordinates>"</coordinates></LinearRing></outerBoundaryIs></Polygon>"
219,12000.000000,0,0.000000,12000.000000,0,0.000000,"<Polygon><outerBoundaryIs><LinearRing><coordinates>"</coordinates></LinearRing></outerBoundaryIs></Polygon>"
220,6000.000000,0,0.000000,6000.000000,0,0.000000,"<Polygon><outerBoundaryIs><LinearRing><coordinates>"</coordinates></LinearRing></outerBoundaryIs></Polygon>"
221,6000.000000,0,0.000000,6000.000000,0,0.000000,"<Polygon><outerBoundaryIs><LinearRing><coordinates>"</coordinates></LinearRing></outerBoundaryIs></Polygon>"
222,6000.000000,0,0.000000,6000.000000,0,0.000000,"<Polygon><outerBoundaryIs><LinearRing><coordinates>"</coordinates></LinearRing></outerBoundaryIs></Polygon>"
223,7000.000000,0,0.000000,7000.000000,0,0.000000,"<Polygon><outerBoundaryIs><LinearRing><coordinates>"</coordinates></LinearRing></outerBoundaryIs></Polygon>"
224,6000.000000,0,0.000000,6000.000000,0,0.000000,"<Polygon><outerBoundaryIs><LinearRing><coordinates>"</coordinates></LinearRing></outerBoundaryIs></Polygon>"
225,6000.000000,0,0.000000,6000.000000,0,0.000000,"<Polygon><outerBoundaryIs><LinearRing><coordinates>"</coordinates></LinearRing></outerBoundaryIs></Polygon>"
226,6000.000000,0,0.000000,6000.000000,0,0.000000,"<Polygon><outerBoundaryIs><LinearRing><coordinates>"</coordinates></LinearRing></outerBoundaryIs></Polygon>"
227,6000.000000,0,0.000000,6000.000000,0,0.000000,"<Polygon><outerBoundaryIs><LinearRing><coordinates>"</coordinates></LinearRing></outerBoundaryIs></Polygon>"
228,6000.000000,0,0.000000,6000.000000,0,0.000000,"<Polygon><outerBoundaryIs><LinearRing><coordinates>"</coordinates></LinearRing></outerBoundaryIs></Polygon>"
229,6000.000000,0,0.000000,6000.000000,0,0.000000,"<Polygon><outerBoundaryIs><LinearRing><coordinates>"</coordinates></LinearRing></outerBoundaryIs></Polygon>"
230,6000.000000,0,0.000000,6000.000000,0,0.000000,"<Polygon><outerBoundaryIs><LinearRing><coordinates>"</coordinates></LinearRing></outerBoundaryIs></Polygon>"
231,6000.000000,0,0.000000,6000.000000,0,0.000000,"<Polygon><outerBoundaryIs><LinearRing><coordinates>"</coordinates></LinearRing></outerBoundaryIs></Polygon>"
232,6000.000000,0,0.000000,6000.000000,0,0.000000,"<Polygon><outerBoundaryIs><LinearRing><coordinates>"</coordinates></LinearRing></outerBoundaryIs></Polygon>"
233,0.000000,0,0.000000,0.000000,0,0.000000,"<Polygon><outerBoundaryIs><LinearRing><coordinates>"</coordinates></LinearRing></outerBoundaryIs></Polygon>"
234,6000.000000,0,0.000000,9000.000000,0,0.000000,"<Polygon><outerBoundaryIs><LinearRing><coordinates>"</coordinates></LinearRing></outerBoundaryIs></Polygon>"
235,6000.000000,0,0.000000,6000.000000,0,0.000000,"<Polygon><outerBoundaryIs><LinearRing><coordinates>"</coordinates></LinearRing></outerBoundaryIs></Polygon>"
236,6000.000000,0,0.000000,6000.000000,0,0.000000,"<Polygon><outerBoundaryIs><LinearRing><coordinates>"</coordinates></LinearRing></outerBoundaryIs></Polygon>"
237,6000.000000,0,0.000000,6000.000000,0,0.000000,"<Polygon><outerBoundaryIs><LinearRing><coordinates>"</coordinates></LinearRing></outerBoundaryIs></Polygon>"
238,6000.000000,0,0.000000,6000.000000,0,0.000000,"<Polygon><outerBoundaryIs><LinearRing><coordinates>"</coordinates></LinearRing></outerBoundaryIs></Polygon>"
239,7000.000000,0,0.000000,7000.000000,0,0.000000,"<Polygon><outerBoundaryIs><LinearRing><coordinates>"</coordinates></LinearRing></outerBoundaryIs></Polygon>"
240,6000.000000,0,0.000000,6000.000000,0,0.000000,"<Polygon><outerBoundaryIs><LinearRing><coordinates>"</coordinates></LinearRing></outerBoundaryIs></Polygon>"
241,12000.000000,0,0.000000,12000.000000,0,0.000000,"<Polygon><outerBoundaryIs><LinearRing><coordinates>"</coordinates></LinearRing></outerBoundaryIs></Polygon>"
242,6000.000000,0,0.000000,6000.000000,0,0.000000,"<Polygon><outerBoundaryIs><LinearRing><coordinates>"</coordinates></LinearRing></outerBoundaryIs></Polygon>"
243,6000.000000,0,0.000000,6000.000000,0,0.000000,"<Polygon><outerBoundaryIs><LinearRing><coordinates>"</coordinates></LinearRing></outerBoundaryIs></Polygon>"
244,7000.000000,0,0.000000,7000.000000,0,0.000000,"<Polygon><outerBoundaryIs><LinearRing><coordinates>"</coordinates></LinearRing></outerBoundaryIs></Polygon>"
245,6000.000000,0,0.000000,6000.000000,0,0.000000,"<Polygon><outerBoundaryIs><LinearRing><coordinates>"</coordinates></LinearRing></outerBoundaryIs></Polygon>"
246,6000.000000,0,0.000000,6000.000000,0,0.000000,"<Polygon><outerBoundaryIs><LinearRing><coordinates>"</coordinates></LinearRing></outerBoundaryIs></Polygon>"
247,6000.000000,0,0.000000,6000.000000,0,0.000000,"<Polygon><outerBoundaryIs><LinearRing><coordinates>"</coordinates></LinearRing></outerBoundaryIs></Polygon>"
248,6000.000000,0,0.000000,6000.000000,0,0.000000,"<Polygon><outerBoundaryIs><LinearRing><coordinates>"</coordinates></LinearRing></outerBoundaryIs></Polygon>"
249,6000.000000,0,0.000000,6000.000000,0,0.000000,"<Polygon><outerBoundaryIs><LinearRing><coordinates>"</coordinates></LinearRing></outerBoundaryIs></Polygon>"
250,6000.000000,0,0.000000,6000.000000,0,0.000000,"<Polygon><outerBoundaryIs><LinearRing><coordinates>"</coordinates></LinearRing></outerBoundaryIs></Polygon>"
251,6000.000000,0,0.000000,6000.000000,0,0.000000,"<Polygon><outerBoundaryIs><LinearRing><coordinates>"</coordinates></LinearRing></outerBoundaryIs></Polygon>"
252,6000.000000,0,0.000000,6000.000000,0,0.000000,"<Polygon><outerBoundaryIs><LinearRing><coordinates>"</coordinates></LinearRing></outerBoundaryIs></Polygon>"
253,6000.000000,0,0.000000,6000.000000,0,0.000000,"<Polygon><outerBoundaryIs><LinearRing><coordinates>"</coordinates></LinearRing></outerBoundaryIs></Polygon>"
254,0.000000,0,0.000000,0.000000,0,0.000000,"<Polygon><outerBoundaryIs><LinearRing><coordinates>"</coordinates></LinearRing></outerBoundaryIs></Polygon>"
255,9000.000000,0,0.000000,6000.000000,0,0.000000,"<Polygon><outerBoundaryIs><LinearRing><coordinates>"</coordinates></LinearRing></outerBoundaryIs></Polygon>"
256,6000.000000,0,0.000000,6000.000000,0,0.000000,"<Polygon><outerBoundaryIs><LinearRing><coordinates>"</coordinates></LinearRing></outerBoundaryIs></Polygon>"
257,6000.000000,0,0.000000,6000.000000,0,0.000000,"<Polygon><outerBoundaryIs><LinearRing><coordinates>"</coordinates></LinearRing></outerBoundaryIs></Polygon>"
258,6000.000000,0,0.000000,6000.000000,0,0.000000,"<Polygon><outerBoundaryIs><LinearRing><coordinates>"</coordinates></LinearRing></outerBoundaryIs></Polygon>"
259,6000.000000,0,0.000000,6000.000000,0,0.000000,"<Polygon><outerBoundaryIs><LinearRing><coordinates>"</coordinates></LinearRing></outerBoundaryIs></Polygon>"
260,7000.000000,0,0.000000,7000.000000,0,0.000000,"<Polygon><outerBoundaryIs><LinearRing><coordinates>"</coordinates></LinearRing></outerBoundaryIs></Polygon>"
261,6000.000000,0,0.000000,6000.000000,0,0.000000,"<Polygon><outerBoundaryIs><LinearRing><coordinates>"</coordinates></LinearRing></outerBoundaryIs></Polygon>"
262,6000.000000,0,0.000000,6000.000000,0,0.000000,"<Polygon><outerBoundaryIs><LinearRing><coordinates>"</coordinates></LinearRing></outerBoundaryIs></Polygon>"
263,12000.000000,0,0.000000,12000.000000,0,0.000000,"<Polygon><outerBoundaryIs><LinearRing><coordinates>"</coordinates></LinearRing></outerBoundaryIs></Polygon>"
264,6000.000000,0,0.000000,6000.000000,0,0.000000,"<Polygon><outerBoundaryIs><LinearRing><coordinates>"</coordinates></LinearRing></outerBoundaryIs></Polygon>"
265,7000.000000,0,0.000000,7000.000000,0,0.000000,"<Polygon><outerBoundaryIs><LinearRing><coordinates>"</coordinates></LinearRing></outerBoundaryIs></Polygon>"
266,6000.000000,0,0.000000,6000.000000,0,0.000000,"<Polygon><outerBoundaryIs><LinearRing><coordinates>"</coordinates></LinearRing></outerBoundaryIs></Polygon>"
267,6000.000000,0,0.000000,6000.000000,0,0.000000,"<Polygon><outerBoundaryIs><LinearRing><coordinates>"</coordinates></LinearRing></outerBoundaryIs></Polygon>"
268,6000.000000,0,0.000000,6000.000000,0,0.000000,"<Polygon><outerBoundaryIs><LinearRing><coordinates>"</coordinates></LinearRing></outerBoundaryIs></Polygon>"
269,6000.000000,0,0.000000,6000.000000,0,0.000000,"<Polygon><outerBoundaryIs><LinearRing><coordinates>"</coordinates></LinearRing></outerBoundaryIs></Polygon>"
270,6000.000000,0,0.000000,6000.000000,0,0.000000,"<Polygon><outerBoundaryIs><LinearRing><coordinates>"</coordinates></LinearRing></outerBoundaryIs></Polygon>"
271,6000.000000,0,0.000000,6000.000000,0,0.000000,"<Polygon><outerBoundaryIs><LinearRing><coordinates>"</coordinates></LinearRing></outerBoundaryIs></Polygon>"
272,6000.000000,0,0.000000,6000.000000,0,0.000000,"<Polygon><outerBoundaryIs><LinearRing><coordinates>"</coordinates></LinearRing></outerBoundaryIs></Polygon>"
273,6000.000000,0,0.000000,6000.000000,0,0.000000,"<Polygon><outerBoundaryIs><LinearRing><coordinates>"</coordinates></LinearRing></outerBoundaryIs></Polygon>"
274,6000.000000,0,0.000000,6000.000000,0,0.000000,"<Polygon><outerBoundaryIs><LinearRing><coordinates>"</coordinates></LinearRing></outerBoundaryIs></Polygon>"
275,0.000000,0,0.000000,0.000000,0,0.000000,"<Polygon><outerBoundaryIs><LinearRing><coordinates>"</coordinates></LinearRing></outerBoundaryIs></Polygon>"
276,6000.000000,0,0.000000,9000.000000,0,0.000000,"<Polygon><outerBoundaryIs><LinearRing><coordinates>"</coordinates></LinearRing></outerBoundaryIs></Polygon>"
277,6000.000000,0,0.000000,6000.000000,0,0.000000,"<Polygon><outerBoundaryIs><LinearRing><coordinates>"</coordinates></LinearRing></outerBoundaryIs></Polygon>"
278,6000.000000,0,0.000000,6000.000000,0,0.000000,"<Polygon><outerBoundaryIs><LinearRing><coordinates>"</coordinates></LinearRing></outerBoundaryIs></Polygon>"
279,6000.000000,0,0.000000,6000.000000,0,0.000000,"<Polygon><outerBoundaryIs><LinearRing><coordinates>"</coordinates></LinearRing></outerBoundaryIs></Polygon>"
280,6000.000000,0,0.000000,6000.000000,0,0.000000,"<Polygon><outerBoundaryIs><LinearRing><coordinates>"</coordinates></LinearRing></outerBoundaryIs></Polygon>"
281,7000.000000,0,0.000000,7000.000000,0,0.000000,"<Polygon><outerBoundaryIs><LinearRing><coordinates>"</coordinates></LinearRing></outerBoundaryIs></Polygon>"
282,6000.000000,0,0.000000,6000.000000,0,0.000000,"<Polygon><outerBoundaryIs><LinearRing><coordinates>"</coordinates></LinearRing></outerBoundaryIs></Polygon>"
283,6000.000000,0,0.000000,6000.000000,0,0.000000,"<Polygon><outerBoundaryIs><LinearRing><coordinates>"</coordinates></LinearRing></outerBoundaryIs></Polygon>"
284,6000.000000,0,0.000000,6000.000000,0,0.000000,"<Polygon><outerBoundaryIs><LinearRing><coordinates>"</coordinates></LinearRing></outerBoundaryIs></Polygon>"
285,12000.000000,0,0.000000,12000.000000,0,0.000000,"<Polygon><outerBoundaryIs><LinearRing><coordinates>"</coordinates></LinearRing></outerBoundaryIs></Polygon>"
286,7000.000000,0,0.000000,7000.000000,0,0.000000,"<Polygon><outerBoundaryIs><LinearRing><coordinates>"</coordinates></LinearRing></outerBoundaryIs></Polygon>"
287,6000.000000,0,0.000000,6000.000000,0,0.000000,"<Polygon><outerBoundaryIs><LinearRing><coordinates>"</coordinates></LinearRing></outerBoundaryIs></Polygon>"
288,6000.000000,0,0.000000,6000.000000,0,0.000000,"<Polygon><outerBoundaryIs><LinearRing><coordinates>"</coordinates></LinearRing></outerBoundaryIs></Polygon>"
289,6000.000000,0,0.000000,6000.000000,0,0.000000,"<Polygon><outerBoundaryIs><LinearRing><coordinates>"</coordinates></LinearRing></outerBoundaryIs></Polygon>"
290,6000.000000,0,0.000000,6000.000000,0,0.000000,"<Polygon><outerBoundaryIs><LinearRing><coordinates>"</coordinates></LinearRing></outerBoundaryIs></Polygon>"
291,6000.000000,0,0.000000,6000.000000,0,0.000000,"<Polygon><outerBoundaryIs><LinearRing><coordinates>"</coordinates></LinearRing></outerBoundaryIs></Polygon>"
292,6000.000000,0,0.000000,6000.000000,0,0.000000,"<Polygon><outerBoundaryIs><LinearRing><coordinates>"</coordinates></LinearRing></outerBoundaryIs></Polygon>"
293,6000.000000,0,0.000000,6000.000000,0,0.000000,"<Polygon><outerBoundaryIs><LinearRing><coordinates>"</coordinates></LinearRing></outerBoundaryIs></Polygon>"
294,6000.000000,0,0.000000,6000.000000,0,0.000000,"<Polygon><outerBoundaryIs><LinearRing><coordinates>"</coordinates></LinearRing></outerBoundaryIs></Polygon>"
295,6000.000000,0,0.000000,6000.000000,0,0.000000,"<Polygon><outerBoundaryIs><LinearRing><coordinates>"</coordinates></LinearRing></outerBoundaryIs></Polygon>"
296,0.000000,0,0.000000,0.000000,0,0.000000,"<Polygon><outerBoundaryIs><LinearRing><coordinates>"</coordinates></LinearRing></outerBoundaryIs></Polygon>"
297,11000.000000,0,0.000000,11000.000000,0,0.000000,"<Polygon><outerBoundaryIs><LinearRing><coordinates>"</coordinates></LinearRing></outerBoundaryIs></Polygon>"
298,9000.000000,0,0.000000,9000.000000,0,0.000000,"<Polygon><outerBoundaryIs><LinearRing><coordinates>"</coordinates></LinearRing></outerBoundaryIs></Polygon>"
299,9000.000000,0,0.000000,9000.000000,0,0.000000,"<Polygon><outerBoundaryIs><LinearRing><coordinates>"</coordinates></LinearRing></outerBoundaryIs></Polygon>"
300,9000.000000,0,0.000000,9000.000000,0,0.000000,"<Polygon><outerBoundaryIs><LinearRing><coordinates>"</coordinates></LinearRing></outerBoundaryIs></Polygon>"
301,9000.000000,0,0.000000,9000.000000,0,0.000000,"<Polygon><outerBoundaryIs><LinearRing><coordinates>"</coordinates></LinearRing></outerBoundaryIs></Polygon>"
302,9000.000000,0,0.000000,9000.000000,0,0.000000,"<Polygon><outerBoundaryIs><LinearRing><coordinates>"</coordinates></LinearRing></outerBoundaryIs></Polygon>"
303,9000.000000,0,0.000000,9000.000000,0,0.000000,"<Polygon><outerBoundaryIs><LinearRing><coordinates>"</coordinates></LinearRing></outerBoundaryIs></Polygon>"
304,9000.000000,0,0.000000,9000.000000,0,0.000000,"<Polygon><outerBoundaryIs><LinearRing><coordinates>"</coordinates></LinearRing></outerBoundaryIs></Polygon>"
305,9000.000000,0,0.000000,9000.000000,0,0.000000,"<Polygon><outerBoundaryIs><LinearRing><coordinates>"</coordinates></LinearRing></outerBoundaryIs></Polygon>"
306,9000.000000,0,0.000000,9000.000000,0,0.000000,"<Polygon><outerBoundaryIs><LinearRing><coordinates>"</coordinates></LinearRing></outerBoundaryIs></Polygon>"
307,9000.000000,0,0.000000,9000.000000,0,0.000000,"<Polygon><outerBoundaryIs><LinearRing><coordinates>"</coordinates></LinearRing></outerBoundaryIs></Polygon>"
308,9000.000000,0,0.000000,9000.000000,0,0.000000,"<Polygon><outerBoundaryIs><LinearRing><coordinates>"</coordinates></LinearRing></outerBoundaryIs></Polygon>"
309,9000.000000,0,0.000000,9000.000000,0,0.000000,"<Polygon><outerBoundaryIs><LinearRing><coordinates>"</coordinates></LinearRing></outerBoundaryIs></Polygon>"
310,9000.000000,0,0.000000,9000.000000,0,0.000000,"<Polygon><outerBoundaryIs><LinearRing><coordinates>"</coordinates></LinearRing></outerBoundaryIs></Polygon>"
311,9000.000000,0,0.000000,9000.000000,0,0.000000,"<Polygon><outerBoundaryIs><LinearRing><coordinates>"</coordinates></LinearRing></outerBoundaryIs></Polygon>"
312,9000.000000,0,0.000000,9000.000000,0,0.000000,"<Polygon><outerBoundaryIs><LinearRing><coordinates>"</coordinates></LinearRing></outerBoundaryIs></Polygon>"
313,10000.000000,0,0.000000,8000.000000,0,0.000000,"<Polygon><outerBoundaryIs><LinearRing><coordinates>"</coordinates></LinearRing></outerBoundaryIs></Polygon>"
314,6000.000000,0,0.000000,6000.000000,0,0.000000,"<Polygon><outerBoundaryIs><LinearRing><coordinates>"</coordinates></LinearRing></outerBoundaryIs></Polygon>"
315,6000.000000,0,0.000000,6000.000000,0,0.000000,"<Polygon><outerBoundaryIs><LinearRing><coordinates>"</coordinates></LinearRing></outerBoundaryIs></Polygon>"
316,6000.000000,0,0.000000,6000.000000,0,0.000000,"<Polygon><outerBoundaryIs><LinearRing><coordinates>"</coordinates></LinearRing></outerBoundaryIs></Polygon>"
317,7000.000000,0,0.000000,7000.000000,0,0.000000,"<Polygon><outerBoundaryIs><LinearRing><coordinates>"</coordinates></LinearRing></outerBoundaryIs></Polygon>"
318,6000.000000,0,0.000000,6000.000000,0,0.000000,"<Polygon><outerBoundaryIs><LinearRing><coordinates>"</coordinates></LinearRing></outerBoundaryIs></Polygon>"
319,6000.000000,0,0.000000,6000.000000,0,0.000000,"<Polygon><outerBoundaryIs><LinearRing><coordinates>"</coordinates></LinearRing></outerBoundaryIs></Polygon>"
320,6000.000000,0,0.000000,6000.000000,0,0.000000,"<Polygon><outerBoundaryIs><LinearRing><coordinates>"</coordinates></LinearRing></outerBoundaryIs></Polygon>"
321,6000.000000,0,0.000000,6000.000000,0,0.000000,"<Polygon><outerBoundaryIs><LinearRing><coordinates>"</coordinates></LinearRing></outerBoundaryIs></Polygon>"
322,7000.000000,0,0.000000,7000.000000,0,0.000000,"<Polygon><outerBoundaryIs><LinearRing><coordinates>"</coordinates></LinearRing></outerBoundaryIs></Polygon>"
323,12000.000000,0,0.000000,12000.000000,0,0.000000,"<Polygon><outerBoundaryIs><LinearRing><coordinates>"</coordinates></LinearRing></outerBoundaryIs></Polygon>"
324,6000.000000,0,0.000000,6000.000000,0,0.000000,"<Polygon><outerBoundaryIs><LinearRing><coordinates>"</coordinates></LinearRing></outerBoundaryIs></Polygon>"
325,6000.000000,0,0.000000,6000.000000,0,0.000000,"<Polygon><outerBoundaryIs><LinearRing><coordinates>"</coordinates></LinearRing></outerBoundaryIs></Polygon>"
326,6000.000000,0,0.000000,6000.000000,0,0.000000,"<Polygon><outerBoundaryIs><LinearRing><coordinates>"</coordinates></LinearRing></outerBoundaryIs></Polygon>"
327,6000.000000,0,0.000000,6000.000000,0,0.000000,"<Polygon><outerBoundaryIs><LinearRing><coordinates>"</coordinates></LinearRing></outerBoundaryIs></Polygon>"
328,6000.000000,0,0.000000,6000.000000,0,0.000000,"<Polygon><outerBoundaryIs><LinearRing><coordinates>"</coordinates></LinearRing></outerBoundaryIs></Polygon>"
329,6000.000000,0,0.000000,6000.000000,0,0.000000,"<Polygon><outerBoundaryIs><LinearRing><coordinates>"</coordinates></LinearRing></outerBoundaryIs></Polygon>"
330,6000.000000,0,0.000000,6000.000000,0,0.000000,"<Polygon><outerBoundaryIs><LinearRing><coordinates>"</coordinates></LinearRing></outerBoundaryIs></Polygon>"
331,6000.000000,0,0.000000,6000.000000,0,0.000000,"<Polygon><outerBoundaryIs><LinearRing><coordinates>"</coordinates></LinearRing></outerBoundaryIs></Polygon>"
332,0.000000,0,0.000000,0.000000,0,0.000000,"<Polygon><outerBoundaryIs><LinearRing><coordinates>"</coordinates></LinearRing></outerBoundaryIs></Polygon>"
333,8000.000000,0,0.000000,10000.000000,0,0.000000,"<Polygon><outerBoundaryIs><LinearRing><coordinates>"</coordinates></LinearRing></outerBoundaryIs></Polygon>"
334,6000.000000,0,0.000000,6000.000000,0,0.000000,"<Polygon><outerBoundaryIs><LinearRing><coordinates>"</coordinates></LinearRing></outerBoundaryIs></Polygon>"
335,6000.000000,0,0.000000,6000.000000,0,0.000000,"<Polygon><outerBoundaryIs><LinearRing><coordinates>"</coordinates></LinearRing></outerBoundaryIs></Polygon>"
336,7000.000000,0,0.000000,7000.000000,0,0.000000,"<Polygon><outerBoundaryIs><LinearRing><coordinates>"</coordinates></LinearRing></outerBoundaryIs></Polygon>"
337,6000.000000,0,0.000000,6000.000000,0,0.000000,"<Polygon><outerBoundaryIs><LinearRing><coordinates>"</coordinates></LinearRing></outerBoundaryIs></Polygon>"
338,6000.000000,0,0.000000,6000.000000,0,0.000000,"<Polygon><outerBoundaryIs><LinearRing><coordinates>"</coordinates></LinearRing></outerBoundaryIs></Polygon>"
339,6000.000000,0,0.000000,6000.000000,0,0.000000,"<Polygon><outerBoundaryIs><LinearRing><coordinates>"</coordinates></LinearRing></outerBoundaryIs></Polygon>"
340,6000.000000,0,0.000000,6000.000000,0,0.000000,"<Polygon><outerBoundaryIs><LinearRing><coordinates>"</coordinates></LinearRing></outerBoundaryIs></Polygon>"
341,7000.000000,0,0.000000,7000.000000,0,0.000000,"<Polygon><outerBoundaryIs><LinearRing><coordinates>"</coordinates></LinearRing></outerBoundaryIs></Polygon>"
342,6000.000000,0,0.000000,6000.000000,0,0.000000,"<Polygon><outerBoundaryIs><LinearRing><coordinates>"</coordinates></LinearRing></outerBoundaryIs></Polygon>"
343,12000.000000,0,0.000000,12000.000000,0,0.000000,"<Polygon><outerBoundaryIs><LinearRing><coordinates>"</coordinates></LinearRing></outerBoundaryIs></Polygon>"
344,6000.000000,0,0.000000,6000.000000,0,0.000000,"<Polygon><outerBoundaryIs><LinearRing><coordinates>"</coordinates></LinearRing></outerBoundaryIs></Polygon>"
345,6000.000000,0,0.000000,6000.000000,0,0.000000,"<Polygon><outerBoundaryIs><LinearRing><coordinates>"</coordinates></LinearRing></outerBoundaryIs></Polygon>"
346,6000.000000,0,0.000000,6000.000000,0,0.000000,"<Polygon><outerBoundaryIs><LinearRing><coordinates>"</coordinates></LinearRing></outerBoundaryIs></Polygon>"
347,6000.000000,0,0.000000,6000.000000,0,0.000000,"<Polygon><outerBoundaryIs><LinearRing><coordinates>"</coordinates></LinearRing></outerBoundaryIs></Polygon>"
348,6000.000000,0,0.000000,6000.000000,0,0.000000,"<Polygon><outerBoundaryIs><LinearRing><coordinates>"</coordinates></LinearRing></outerBoundaryIs></Polygon>"
349,6000.000000,0,0.000000,6000.000000,0,0.000000,"<Polygon><outerBoundaryIs><LinearRing><coordinates>"</coordinates></LinearRing></outerBoundaryIs></Polygon>"
350,6000.000000,0,0.000000,6000.000000,0,0.000000,"<Polygon><outerBoundaryIs><LinearRing><coordinates>"</coordinates></LinearRing></outerBoundaryIs></Polygon>"
351,0.000000,0,0.000000,0.000000,0,0.000000,"<Polygon><outerBoundaryIs><LinearRing><coordinates>"</coordinates></LinearRing></outerBoundaryIs></Polygon>"
352,10000.000000,0,0.000000,8000.000000,0,0.000000,"<Polygon><outerBoundaryIs><LinearRing><coordinates>"</coordinates></LinearRing></outerBoundaryIs></Polygon>"
353,6000.000000,0,0.000000,6000.000000,0,0.000000,"<Polygon><outerBoundaryIs><LinearRing><coordinates>"</coordinates></LinearRing></outerBoundaryIs></Polygon>"
354,7000.000000,0,0.000000,7000.000000,0,0.000000,"<Polygon><outerBoundaryIs><LinearRing><coordinates>"</coordinates></LinearRing></outerBoundaryIs></Polygon>"
355,6000.000000,0,0.000000,6000.000000,0,0.000000,"<Polygon><outerBoundaryIs><LinearRing><coordinates>"</coordinates></LinearRing></outerBoundaryIs></Polygon>"
356,6000.000000,0,0.000000,6000.000000,0,0.000000,"<Polygon><outerBoundaryIs><LinearRing><coordinates>"</coordinates></LinearRing></outerBoundaryIs></Polygon>"
357,6000.000000,0,0.000000,6000.000000,0,0.000000,"<Polygon><outerBoundaryIs><LinearRing><coordinates>"</coordinates></LinearRing></outerBoundaryIs></Polygon>"
358,6000.000000,0,0.000000,6000.000000,0,0.000000,"<Polygon><outerBoundaryIs><LinearRing><coordinates>"</coordinates></LinearRing></outerBoundaryIs></Polygon>"
359,7000.000000,0,0.000000,7000.000000,0,0.000000,"<Polygon><outerBoundaryIs><LinearRing><coordinates>"</coordinates></LinearRing></outerBoundaryIs></Polygon>"
360,6000.000000,0,0.000000,6000.000000,0,0.000000,"<Polygon><outerBoundaryIs><LinearRing><coordinates>"</coordinates></LinearRing></outerBoundaryIs></Polygon>"
361,6000.000000,0,0.000000,6000.000000,0,0.000000,"<Polygon><outerBoundaryIs><LinearRing><coordinates>"</coordinates></LinearRing></outerBoundaryIs></Polygon>"
362,12000.000000,0,0.000000,12000.000000,0,0.000000,"<Polygon><outerBoundaryIs><LinearRing><coordinates>"</coordinates></LinearRing></outerBoundaryIs></Polygon>"
363,6000.000000,0,0.000000,6000.000000,0,0.000000,"<Polygon><outerBoundaryIs><LinearRing><coordinates>"</coordinates></LinearRing></outerBoundaryIs></Polygon>"
364,6000.000000,0,0.000000,6000.000000,0,0.000000,"<Polygon><outerBoundaryIs><LinearRing><coordinates>"</coordinates></LinearRing></outerBoundaryIs></Polygon>"
365,6000.000000,0,0.000000,6000.000000,0,0.000000,"<Polygon><outerBoundaryIs><LinearRing><coordinates>"</coordinates></LinearRing></outerBoundaryIs></Polygon>"
366,6000.000000,0,0.000000,6000.000000,0,0.000000,"<Polygon><outerBoundaryIs><LinearRing><coordinates>"</coordinates></LinearRing></outerBoundaryIs></Polygon>"
367,6000.000000,0,0.000000,6000.000000,0,0.000000,"<Polygon><outerBoundaryIs><LinearRing><coordinates>"</coordinates></LinearRing></outerBoundaryIs></Polygon>"
368,6000.000000,0,0.000000,6000.000000,0,0.000000,"<Polygon><outerBoundaryIs><LinearRing><coordinates>"</coordinates></LinearRing></outerBoundaryIs></Polygon>"
369,0.000000,0,0.000000,0.000000,0,0.000000,"<Polygon><outerBoundaryIs><LinearRing><coordinates>"</coordinates></LinearRing></outerBoundaryIs></Polygon>"
370,4000.000000,0,0.000000,10000.000000,0,0.000000,"<Polygon><outerBoundaryIs><LinearRing><coordinates>"</coordinates></LinearRing></outerBoundaryIs></Polygon>"
371,7000.000000,0,0.000000,7000.000000,0,0.000000,"<Polygon><outerBoundaryIs><LinearRing><coordinates>"</coordinates></LinearRing></outerBoundaryIs></Polygon>"
372,6000.000000,0,0.000000,6000.000000,0,0.000000,"<Polygon><outerBoundaryIs><LinearRing><coordinates>"</coordinates></LinearRing></outerBoundaryIs></Polygon>"
373,6000.000000,0,0.000000,6000.000000,0,0.000000,"<Polygon><outerBoundaryIs><LinearRing><coordinates>"</coordinates></LinearRing></outerBoundaryIs></Polygon>"
374,6000.000000,0,0.000000,6000.000000,0,0.000000,"<Polygon><outerBoundaryIs><LinearRing><coordinates>"</coordinates></LinearRing></outerBoundaryIs></Polygon>"
375,6000.000000,0,0.000000,6000.000000,0,0.000000,"<Polygon><outerBoundaryIs><LinearRing><coordinates>"</coordinates></LinearRing></outerBoundaryIs></Polygon>"
376,7000.000000,0,0.000000,7000.000000,0,0.000000,"<Polygon><outerBoundaryIs><LinearRing><coordinates>"</coordinates></LinearRing></outerBoundaryIs></Polygon>"
377,6000.000000,0,0.000000,6000.000000,0,0.000000,"<Polygon><outerBoundaryIs><LinearRing><coordinates>"</coordinates></LinearRing></outerBoundaryIs></Polygon>"
378,6000.000000,0,0.000000,6000.000000,0,0.000000,"<Polygon><outerBoundaryIs><LinearRing><coordinates>"</coordinates></LinearRing></outerBoundaryIs></Polygon>"
379,6000.000000,0,0.000000,6000.000000,0,0.000000,"<Polygon><outerBoundaryIs><LinearRing><coordinates>"</coordinates></LinearRing></outerBoundaryIs></Polygon>"
380,12000.000000,0,0.000000,12000.000000,0,0.000000,"<Polygon><outerBoundaryIs><LinearRing><coordinates>"</coordinates></LinearRing></outerBoundaryIs></Polygon>"
381,6000.000000,0,0.000000,6000.000000,0,0.000000,"<Polygon><outerBoundaryIs><LinearRing><coordinates>"</coordinates></LinearRing></outerBoundaryIs></Polygon>"
382,6000.000000,0,0.000000,6000.000000,0,0.000000,"<Polygon><outerBoundaryIs><LinearRing><coordinates>"</coordinates></LinearRing></outerBoundaryIs></Polygon>"
383,6000.000000,0,0.000000,6000.000000,0,0.000000,"<Polygon><outerBoundaryIs><LinearRing><coordinates>"</coordinates></LinearRing></outerBoundaryIs></Polygon>"
384,6000.000000,0,0.000000,6000.000000,0,0.000000,"<Polygon><outerBoundaryIs><LinearRing><coordinates>"</coordinates></LinearRing></outerBoundaryIs></Polygon>"
385,6000.000000,0,0.000000,6000.000000,0,0.000000,"<Polygon><outerBoundaryIs><LinearRing><coordinates>"</coordinates></LinearRing></outerBoundaryIs></Polygon>"
386,0.000000,0,0.000000,0.000000,0,0.000000,"<Polygon><outerBoundaryIs><LinearRing><coordinates>"</coordinates></LinearRing></outerBoundaryIs></Polygon>"
387,7000.000000,0,0.000000,7000.000000,0,0.000000,"<Polygon><outerBoundaryIs><LinearRing><coordinates>"</coordinates></LinearRing></outerBoundaryIs></Polygon>"
388,7000.000000,0,0.000000,7000.000000,0,0.000000,"<Polygon><outerBoundaryIs><LinearRing><coordinates>"</coordinates></LinearRing></outerBoundaryIs></Polygon>"
389,7000.000000,0,0.000000,7000.000000,0,0.000000,"<Polygon><outerBoundaryIs><LinearRing><coordinates>"</coordinates></LinearRing></outerBoundaryIs></Polygon>"
390,7000.000000,0,0.000000,7000.000000,0,0.000000,"<Polygon><outerBoundaryIs><LinearRing><coordinates>"</coordinates></LinearRing></outerBoundaryIs></Polygon>"
391,7000.000000,0,0.000000,7000.000000,0,0.000000,"<Polygon><outerBoundaryIs><LinearRing><coordinates>"</coordinates></LinearRing></outerBoundaryIs></Polygon>"
392,7000.000000,0,0.000000,7000.000000,0,0.000000,"<Polygon><outerBoundaryIs><LinearRing><coordinates>"</coordinates></LinearRing></outerBoundaryIs></Polygon>"
393,7000.000000,0,0.000000,7000.000000,0,0.000000,"<Polygon><outerBoundaryIs><LinearRing><coordinates>"</coordinates></LinearRing></outerBoundaryIs></Polygon>"
394,7000.000000,0,0.000000,7000.000000,0,0.000000,"<Polygon><outerBoundaryIs><LinearRing><coordinates>"</coordinates></LinearRing></outerBoundaryIs></Polygon>"
395,7000.000000,0,0.000000,7000.000000,0,0.000000,"<Polygon><outerBoundaryIs><LinearRing><coordinates>"</coordinates></LinearRing></outerBoundaryIs></Polygon>"
396,7000.000000,0,0.000000,7000.000000,0,0.000000,"<Polygon><outerBoundaryIs><LinearRing><coordinates>"</coordinates></LinearRing></outerBoundaryIs></Polygon>"
397,7000.000000,0,0.000000,7000.000000,0,0.000000,"<Polygon><outerBoundaryIs><LinearRing><coordinates>"</coordinates></LinearRing></outerBoundaryIs></Polygon>"
398,10000.000000,0,0.000000,8000.000000,0,0.000000,"<Polygon><outerBoundaryIs><LinearRing><coordinates>"</coordinates></LinearRing></outerBoundaryIs></Polygon>"
399,6000.000000,0,0.000000,6000.000000,0,0.000000,"<Polygon><outerBoundaryIs><LinearRing><coordinates>"</coordinates></LinearRing></outerBoundaryIs></Polygon>"
400,6000.000000,0,0.000000,6000.000000,0,0.000000,"<Polygon><outerBoundaryIs><LinearRing><coordinates>"</coordinates></LinearRing></outerBoundaryIs></Polygon>"
401,6000.000000,0,0.000000,6000.000000,0,0.000000,"<Polygon><outerBoundaryIs><LinearRing><coordinates>"</coordinates></LinearRing></outerBoundaryIs></Polygon>"
402,7000.000000,0,0.000000,7000.000000,0,0.000000,"<Polygon><outerBoundaryIs><LinearRing><coordinates>"</coordinates></LinearRing></outerBoundaryIs></Polygon>"
403,6000.000000,0,0.000000,6000.000000,0,0.000000,"<Polygon><outerBoundaryIs><LinearRing><coordinates>"</coordinates></LinearRing></outerBoundaryIs></Polygon>"
404,6000.000000,0,0.000000,6000.000000,0,0.000000,"<Polygon><outerBoundaryIs><LinearRing><coordinates>"</coordinates></LinearRing></outerBoundaryIs></Polygon>"
405,6000.000000,0,0.000000,6000.000000,0,0.000000,"<Polygon><outerBoundaryIs><LinearRing><coordinates>"</coordinates></LinearRing></outerBoundaryIs></Polygon>"
406,6000.000000,0,0.000000,6000.000000,0,0.000000,"<Polygon><outerBoundaryIs><LinearRing><coordinates>"</coordinates></LinearRing></outerBoundaryIs></Polygon>"
407,6000.000000,0,0.000000,6000.000000,0,0.000000,"<Polygon><outerBoundaryIs><LinearRing><coordinates>"</coordinates></LinearRing></outerBoundaryIs></Polygon>"
408,12000.000000,0,0.000000,12000.000000,0,0.000000,"<Polygon><outerBoundaryIs><LinearRing><coordinates>"</coordinates></LinearRing></outerBoundaryIs></Polygon>"
409,6000.000000,0,0.000000,6000.000000,0,0.000000,"<Polygon><outerBoundaryIs><LinearRing><coordinates>"</coordinates></LinearRing></outerBoundaryIs></Polygon>"
410,6000.000000,0,0.000000,6000.000000,0,0.000000,"<Polygon><outerBoundaryIs><LinearRing><coordinates>"</coordinates></LinearRing></outerBoundaryIs></Polygon>"
411,6000.000000,0,0.000000,6000.000000,0,0.000000,"<Polygon><outerBoundaryIs><LinearRing><coordinates>"</coordinates></LinearRing></outerBoundaryIs></Polygon>"
412,0.000000,0,0.000000,0.000000,0,0.000000,"<Polygon><outerBoundaryIs><LinearRing><coordinates>"</coordinates></LinearRing></outerBoundaryIs></Polygon>"
413,8000.000000,0,0.000000,10000.000000,0,0.000000,"<Polygon><outerBoundaryIs><LinearRing><coordinates>"</coordinates></LinearRing></outerBoundaryIs></Polygon>"
414,6000.000000,0,0.000000,6000.000000,0,0.000000,"<Polygon><outerBoundaryIs><LinearRing><coordinates>"</coordinates></LinearRing></outerBoundaryIs></Polygon>"
415,6000.000000,0,0.000000,6000.000000,0,0.000000,"<Polygon><outerBoundaryIs><LinearRing><coordinates>"</coordinates></LinearRing></outerBoundaryIs></Polygon>"
416,7000.000000,0,0.000000,7000.000000,0,0.000000,"<Polygon><outerBoundaryIs><LinearRing><coordinates>"</coordinates></LinearRing></outerBoundaryIs></Polygon>"
417,6000.000000,0,0.000000,6000.000000,0,0.000000,"<Polygon><outerBoundaryIs><LinearRing><coordinates>"</coordinates></LinearRing></outerBoundaryIs></Polygon>"
418,6000.000000,0,0.000000,6000.000000,0,0.000000,"<Polygon><outerBoundaryIs><LinearRing><coordinates>"</coordinates></LinearRing></outerBoundaryIs></Polygon>"
419,6000.000000,0,0.000000,6000.000000,0,0.000000,"<Polygon><outerBoundaryIs><LinearRing><coordinates>"</coordinates></LinearRing></outerBoundaryIs></Polygon>"
420,6000.000000,0,0.000000,6000.000000,0,0.000000,"<Polygon><outerBoundaryIs><LinearRing><coordinates>"</coordinates></LinearRing></outerBoundaryIs></Polygon>"
421,6000.000000,0,0.000000,6000.000000,0,0.000000,"<Polygon><outerBoundaryIs><LinearRing><coordinates>"</coordinates></LinearRing></outerBoundaryIs></Polygon>"
422,6000.000000,0,0.000000,6000.000000,0,0.000000,"<Polygon><outerBoundaryIs><LinearRing><coordinates>"</coordinates></LinearRing></outerBoundaryIs></Polygon>"
423,12000.000000,0,0.000000,12000.000000,0,0.000000,"<Polygon><outerBoundaryIs><LinearRing><coordinates>"</coordinates></LinearRing></outerBoundaryIs></Polygon>"
424,6000.000000,0,0.000000,6000.000000,0,0.000000,"<Polygon><outerBoundaryIs><LinearRing><coordinates>"</coordinates></LinearRing></outerBoundaryIs></Polygon>"
425,6000.000000,0,0.000000,6000.000000,0,0.000000,"<Polygon><outerBoundaryIs><LinearRing><coordinates>"</coordinates></LinearRing></outerBoundaryIs></Polygon>"
426,0.000000,0,0.000000,0.000000,0,0.000000,"<Polygon><outerBoundaryIs><LinearRing><coordinates>"</coordinates></LinearRing></outerBoundaryIs></Polygon>"
427,10000.000000,0,0.000000,8000.000000,0,0.000000,"<Polygon><outerBoundaryIs><LinearRing><coordinates>"</coordinates></LinearRing></outerBoundaryIs></Polygon>"
428,6000.000000,0,0.000000,6000.000000,0,0.000000,"<Polygon><outerBoundaryIs><LinearRing><coordinates>"</coordinates></LinearRing></outerBoundaryIs></Polygon>"
429,7000.000000,0,0.000000,7000.000000,0,0.000000,"<Polygon><outerBoundaryIs><LinearRing><coordinates>"</coordinates></LinearRing></outerBoundaryIs></Polygon>"
430,6000.000000,0,0.000000,6000.000000,0,0.000000,"<Polygon><outerBoundaryIs><LinearRing><coordinates>"</coordinates></LinearRing></outerBoundaryIs></Polygon>"
431,6000.000000,0,0.000000,6000.000000,0,0.000000,"<Polygon><outerBoundaryIs><LinearRing><coordinates>"</coordinates></LinearRing></outerBoundaryIs></Polygon>"
432,6000.000000,0,0.000000,6000.000000,0,0.000000,"<Polygon><outerBoundaryIs><LinearRing><coordinates>"</coordinates></LinearRing></outerBoundaryIs></Polygon>"
433,6000.000000,0,0.000000,6000.000000,0,0.000000,"<Polygon><outerBoundaryIs><LinearRing><coordinates>"</coordinates></LinearRing></outerBoundaryIs></Polygon>"
434,6000.000000,0,0.000000,6000.000000,0,0.000000,"<Polygon><outerBoundaryIs><LinearRing><coordinates>"</coordinates></LinearRing></outerBoundaryIs></Polygon>"
435,6000.000000,0,0.000000,6000.000000,0,0.000000,"<Polygon><outerBoundaryIs><LinearRing><coordinates>"</coordinates></LinearRing></outerBoundaryIs></Polygon>"
436,6000.000000,0,0.000000,6000.000000,0,0.000000,"<Polygon><outerBoundaryIs><LinearRing><coordinates>"</coordinates></LinearRing></outerBoundaryIs></Polygon>"
437,12000.000000,0,0.000000,12000.000000,0,0.000000,"<Polygon><outerBoundaryIs><LinearRing><coordinates>"</coordinates></LinearRing></outerBoundaryIs></Polygon>"
438,6000.000000,0,0.000000,6000.000000,0,0.000000,"<Polygon><outerBoundaryIs><LinearRing><coordinates>"</coordinates></LinearRing></outerBoundaryIs></Polygon>"
439,0.000000,0,0.000000,0.000000,0,0.000000,"<Polygon><outerBoundaryIs><LinearRing><coordinates>"</coordinates></LinearRing></outerBoundaryIs></Polygon>"
440,8000.000000,0,0.000000,10000.000000,0,0.000000,"<Polygon><outerBoundaryIs><LinearRing><coordinates>"</coordinates></LinearRing></outerBoundaryIs></Polygon>"
441,7000.000000,0,0.000000,7000.000000,0,0.000000,"<Polygon><outerBoundaryIs><LinearRing><coordinates>"</coordinates></LinearRing></outerBoundaryIs></Polygon>"
442,6000.000000,0,0.000000,6000.000000,0,0.000000,"<Polygon><outerBoundaryIs><LinearRing><coordinates>"</coordinates></LinearRing></outerBoundaryIs></Polygon>"
443,6000.000000,0,0.000000,6000.000000,0,0.000000,"<Polygon><outerBoundaryIs><LinearRing><coordinates>"</coordinates></LinearRing></outerBoundaryIs></Polygon>"
444,6000.000000,0,0.000000,6000.000000,0,0.000000,"<Polygon><outerBoundaryIs><LinearRing><coordinates>"</coordinates></LinearRing></outerBoundaryIs></Polygon>"
445,6000.000000,0,0.000000,6000.000000,0,0.000000,"<Polygon><outerBoundaryIs><LinearRing><coordinates>"</coordinates></LinearRing></outerBoundaryIs></Polygon>"
446,6000.000000,0,0.000000,6000.000000,0,0.000000,"<Polygon><outerBoundaryIs><LinearRing><coordinates>"</coordinates></LinearRing></outerBoundaryIs></Polygon>"
447,6000.000000,0,0.000000,6000.000000,0,0.000000,"<Polygon><outerBoundaryIs><LinearRing><coordinates>"</coordinates></LinearRing></outerBoundaryIs></Polygon>"
448,6000.000000,0,0.000000,6000.000000,0,0.000000,"<Polygon><outerBoundaryIs><LinearRing><coordinates>"</coordinates></LinearRing></outerBoundaryIs></Polygon>"
449,6000.000000,0,0.000000,6000.000000,0,0.000000,"<Polygon><outerBoundaryIs><LinearRing><coordinates>"</coordinates></LinearRing></outerBoundaryIs></Polygon>"
450,12000.000000,0,0.000000,12000.000000,0,0.000000,"<Polygon><outerBoundaryIs><LinearRing><coordinates>"</coordinates></LinearRing></outerBoundaryIs></Polygon>"
451,0.000000,0,0.000000,0.000000,0,0.000000,"<Polygon><outerBoundaryIs><LinearRing><coordinates>"</coordinates></LinearRing></outerBoundaryIs></Polygon>"
452,7000.000000,0,0.000000,6000.000000,0,0.000000,"<Polygon><outerBoundaryIs><LinearRing><coordinates>"</coordinates></LinearRing></outerBoundaryIs></Polygon>"
453,6000.000000,0,0.000000,7000.000000,0,0.000000,"<Polygon><outerBoundaryIs><LinearRing><coordinates>"</coordinates></LinearRing></outerBoundaryIs></Polygon>"
454,7000.000000,0,0.000000,6000.000000,0,0.000000,"<Polygon><outerBoundaryIs><LinearRing><coordinates>"</coordinates></LinearRing></outerBoundaryIs></Polygon>"
455,6000.000000,0,0.000000,7000.000000,0,0.000000,"<Polygon><outerBoundaryIs><LinearRing><coordinates>"</coordinates></LinearRing></outerBoundaryIs></Polygon>"
456,6000.000000,0,0.000000,7000.000000,0,0.000000,"<Polygon><outerBoundaryIs><LinearRing><coordinates>"</coordinates></LinearRing></outerBoundaryIs></Polygon>"
457,7000.000000,0,0.000000,6000.000000,0,0.000000,"<Polygon><outerBoundaryIs><LinearRing><coordinates>"</coordinates></LinearRing></outerBoundaryIs></Polygon>"
458,6000.000000,0,0.000000,7000.000000,0,0.000000,"<Polygon><outerBoundaryIs><LinearRing><coordinates>"</coordinates></LinearRing></outerBoundaryIs></Polygon>"
459,16000.000000,0,0.000000,12000.000000,0,0.000000,"<Polygon><outerBoundaryIs><LinearRing><coordinates>"</coordinates></LinearRing></outerBoundaryIs></Polygon>"
460,0.000000,0,0.000000,0.000000,0,0.000000,"<Polygon><outerBoundaryIs><LinearRing><coordinates>"</coordinates></LinearRing></outerBoundaryIs></Polygon>"
461,6000.000000,0,0.000000,10000.000000,0,0.000000,"<Polygon><outerBoundaryIs><LinearRing><coordinates>"</coordinates></LinearRing></outerBoundaryIs></Polygon>"
462,0.000000,0,0.000000,0.000000,0,0.000000,"<Polygon><outerBoundaryIs><LinearRing><coordinates>"</coordinates></LinearRing></outerBoundaryIs></Polygon>"
463,0.000000,0,0.000000,0.000000,0,0.000000,"<Polygon><outerBoundaryIs><LinearRing><coordinates>"</coordinates></LinearRing></outerBoundaryIs></Polygon>"
464,0.000000,0,0.000000,0.000000,0,0.000000,"<Polygon><outerBoundaryIs><LinearRing><coordinates>"</coordinates></LinearRing></outerBoundaryIs></Polygon>"
465,0.000000,0,0.000000,0.000000,0,0.000000,"<Polygon><outerBoundaryIs><LinearRing><coordinates>"</coordinates></LinearRing></outerBoundaryIs></Polygon>"
466,10000.000000,0,0.000000,6000.000000,0,0.000000,"<Polygon><outerBoundaryIs><LinearRing><coordinates>"</coordinates></LinearRing></outerBoundaryIs></Polygon>"
467,6000.000000,0,0.000000,6000.000000,0,0.000000,"<Polygon><outerBoundaryIs><LinearRing><coordinates>"</coordinates></LinearRing></outerBoundaryIs></Polygon>"
468,8000.000000,0,0.000000,8000.000000,0,0.000000,"<Polygon><outerBoundaryIs><LinearRing><coordinates>"</coordinates></LinearRing></outerBoundaryIs></Polygon>"
469,8000.000000,0,0.000000,8000.000000,0,0.000000,"<Polygon><outerBoundaryIs><LinearRing><coordinates>"</coordinates></LinearRing></outerBoundaryIs></Polygon>"
470,8000.000000,0,0.000000,8000.000000,0,0.000000,"<Polygon><outerBoundaryIs><LinearRing><coordinates>"</coordinates></LinearRing></outerBoundaryIs></Polygon>"
471,6000.000000,0,0.000000,6000.000000,0,0.000000,"<Polygon><outerBoundaryIs><LinearRing><coordinates>"</coordinates></LinearRing></outerBoundaryIs></Polygon>"
472,0.000000,0,0.000000,0.000000,0,0.000000,"<Polygon><outerBoundaryIs><LinearRing><coordinates>"</coordinates></LinearRing></outerBoundaryIs></Polygon>"
473,10000.000000,0,0.000000,10000.000000,0,0.000000,"<Polygon><outerBoundaryIs><LinearRing><coordinates>"</coordinates></LinearRing></outerBoundaryIs></Polygon>"
474,10000.000000,0,0.000000,10000.000000,0,0.000000,"<Polygon><outerBoundaryIs><LinearRing><coordinates>"</coordinates></LinearRing></outerBoundaryIs></Polygon>"
475,8000.000000,0,0.000000,8000.000000,0,0.000000,"<Polygon><outerBoundaryIs><LinearRing><coordinates>"</coordinates></LinearRing></outerBoundaryIs></Polygon>"
476,8000.000000,0,0.000000,8000.000000,0,0.000000,"<Polygon><outerBoundaryIs><LinearRing><coordinates>"</coordinates></LinearRing></outerBoundaryIs></Polygon>"
477,8000.000000,0,0.000000,8000.000000,0,0.000000,"<Polygon><outerBoundaryIs><LinearRing><coordinates>"</coordinates></LinearRing></outerBoundaryIs></Polygon>"
478,0.000000,0,0.000000,0.000000,0,0.000000,"<Polygon><outerBoundaryIs><LinearRing><coordinates>"</coordinates></LinearRing></outerBoundaryIs></Polygon>"
479,0.000000,0,0.000000,0.000000,0,0.000000,"<Polygon><outerBoundaryIs><LinearRing><coordinates>"</coordinates></LinearRing></outerBoundaryIs></Polygon>"
480,8000.000000,0,0.000000,8000.000000,0,0.000000,"<Polygon><outerBoundaryIs><LinearRing><coordinates>"</coordinates></LinearRing></outerBoundaryIs></Polygon>"
481,8000.000000,0,0.000000,8000.000000,0,0.000000,"<Polygon><outerBoundaryIs><LinearRing><coordinates>"</coordinates></LinearRing></outerBoundaryIs></Polygon>"
482,8000.000000,0,0.000000,8000.000000,0,0.000000,"<Polygon><outerBoundaryIs><LinearRing><coordinates>"</coordinates></LinearRing></outerBoundaryIs></Polygon>"
483,8000.000000,0,0.000000,8000.000000,0,0.000000,"<Polygon><outerBoundaryIs><LinearRing><coordinates>"</coordinates></LinearRing></outerBoundaryIs></Polygon>"
484,0.000000,0,0.000000,0.000000,0,0.000000,"<Polygon><outerBoundaryIs><LinearRing><coordinates>"</coordinates></LinearRing></outerBoundaryIs></Polygon>"
485,0.000000,0,0.000000,0.000000,0,0.000000,"<Polygon><outerBoundaryIs><LinearRing><coordinates>"</coordinates></LinearRing></outerBoundaryIs></Polygon>"
486,10000.000000,0,0.000000,10000.000000,0,0.000000,"<Polygon><outerBoundaryIs><LinearRing><coordinates>"</coordinates></LinearRing></outerBoundaryIs></Polygon>"
487,8000.000000,0,0.000000,8000.000000,0,0.000000,"<Polygon><outerBoundaryIs><LinearRing><coordinates>"</coordinates></LinearRing></outerBoundaryIs></Polygon>"
488,8000.000000,0,0.000000,8000.000000,0,0.000000,"<Polygon><outerBoundaryIs><LinearRing><coordinates>"</coordinates></LinearRing></outerBoundaryIs></Polygon>"
489,0.000000,0,0.000000,0.000000,0,0.000000,"<Polygon><outerBoundaryIs><LinearRing><coordinates>"</coordinates></LinearRing></outerBoundaryIs></Polygon>"
490,0.000000,0,0.000000,0.000000,0,0.000000,"<Polygon><outerBoundaryIs><LinearRing><coordinates>"</coordinates></LinearRing></outerBoundaryIs></Polygon>"
491,8000.000000,0,0.000000,8000.000000,0,0.000000,"<Polygon><outerBoundaryIs><LinearRing><coordinates>"</coordinates></LinearRing></outerBoundaryIs></Polygon>"
492,8000.000000,0,0.000000,8000.000000,0,0.000000,"<Polygon><outerBoundaryIs><LinearRing><coordinates>"</coordinates></LinearRing></outerBoundaryIs></Polygon>"
493,8000.000000,0,0.000000,8000.000000,0,0.000000,"<Polygon><outerBoundaryIs><LinearRing><coordinates>"</coordinates></LinearRing></outerBoundaryIs></Polygon>"
494,0.000000,0,0.000000,0.000000,0,0.000000,"<Polygon><outerBoundaryIs><LinearRing><coordinates>"</coordinates></LinearRing></outerBoundaryIs></Polygon>"
495,0.000000,0,0.000000,0.000000,0,0.000000,"<Polygon><outerBoundaryIs><LinearRing><coordinates>"</coordinates></LinearRing></outerBoundaryIs></Polygon>"
496,8000.000000,0,0.000000,8000.000000,0,0.000000,"<Polygon><outerBoundaryIs><LinearRing><coordinates>"</coordinates></LinearRing></outerBoundaryIs></Polygon>"
497,6000.000000,0,0.000000,6000.000000,0,0.000000,"<Polygon><outerBoundaryIs><LinearRing><coordinates>"</coordinates></LinearRing></outerBoundaryIs></Polygon>"
498,0.000000,0,0.000000,0.000000,0,0.000000,"<Polygon><outerBoundaryIs><LinearRing><coordinates>"</coordinates></LinearRing></outerBoundaryIs></Polygon>"
499,0.000000,0,0.000000,0.000000,0,0.000000,"<Polygon><outerBoundaryIs><LinearRing><coordinates>"</coordinates></LinearRing></outerBoundaryIs></Polygon>"
500,8000.000000,0,0.000000,8000.000000,0,0.000000,"<Polygon><outerBoundaryIs><LinearRing><coordinates>"</coordinates></LinearRing></outerBoundaryIs></Polygon>"
501,8000.000000,0,0.000000,8000.000000,0,0.000000,"<Polygon><outerBoundaryIs><LinearRing><coordinates>"</coordinates></LinearRing></outerBoundaryIs></Polygon>"
502,8000.000000,0,0.000000,8000.000000,0,0.000000,"<Polygon><outerBoundaryIs><LinearRing><coordinates>"</coordinates></LinearRing></outerBoundaryIs></Polygon>"
503,8000.000000,0,0.000000,8000.000000,0,0.000000,"<Polygon><outerBoundaryIs><LinearRing><coordinates>"</coordinates></LinearRing></outerBoundaryIs></Polygon>"
